,No,Site ID,Fuel Acc,Updated Site Name,Company Name,Region,TA,Segment,Sub Segment,Station Add,Postcode,District,State,Site ID 2,Latitude,Longitude,region,id,Sales_70020771,Sales_70100346,Total Sales,Assigned Township
0,1.0,RYB0253,90001858.0,JERAM,S/S AZAHARI MOHAMAD,CENTRAL 1,C01,Rural,Transient,"Lot 5174, Jalan Besar, Jeram, Sungai Buloh",45800.0,Kuala Selangor,Selangor,RYB0253,3.254883,101.309571,Central,90001858,16330.5,4872.0,21202.5,Kapar
1,2.0,RYB0449,90001882.0,IJOK,MOHAMAD ZUHIR BIN HAJI IBRAHIM,CENTRAL 1,C01,Sub Urban,Residential,"Lot 1476, Simpang Tiga Ijuk, Batang Berjuntai, Selangor",45620.0,Kuala Selangor,Selangor,RYB0449,3.314365,101.417705,Central,90001882,11011.5,5774.5,16786.0,Kundang
2,3.0,RYB0098,90001993.0,TAMAN KLANG UTAMA,ABADAN ENTERPRISE,CENTRAL 1,C01,Urban,Residential,"Lot PT 12911, Tmn Kelang Utama, Jln Hj Sirat, Klang",42100.0,Klang,Selangor,RYB0098,3.078767,101.420977,Central,90001993,12355.0,2149.5,14504.5,Batu 4
3,5.0,RYB0179,90047172.0,SUNGAI SEMBILANG,ABADAN DUA ENTERPRISE,CENTRAL 1,C01,Rural,Residential,"Lot 833, Bt 17, Sg Sembilang Jeram 45800 Selangor",45800.0,Kuala Selangor,Selangor,RYB0179,3.194097,101.314852,Central,90047172,10578.0,5743.5,16321.5,Kapar
4,6.0,RYB0691,90033010.0,TAMAN SUNGAI KAPAR,KAPAR CITY CONVENIENCE STORE,CENTRAL 1,C01,Urban,Residential,"Lot 40846 Taman Sg Kapar Indah, Batu 7 Jalan Kapar, Klang,Selangor",42200.0,Klang,Selangor,RYB0691,3.097494,101.3751,Central,90033010,15850.5,7478.0,23328.5,Kapar
5,7.0,RYB0105,90033459.0,BAGAN NAKHODA OMAR,STESYEN SERVIS ABDUL RAZAK,CENTRAL 1,C01,Rural,Residential,"Lot 634, Mukim Bagan Nakhoda Omar, Selangor",45200.0,Sabak Bernam,Selangor,RYB0105,3.77166,100.885895,Central,90033459,10000.0,2000.0,12000.0,Sungai Air Tawar
6,8.0,RYB0974,90034668.0,PSS JLN HJ SIRAT,DETRONAS PETROL STATION,CENTRAL 1,C01,Urban,Residential,"Lot PT 19146 HS(M) 12761 Jalan Hj Sirat, Mukim Kapar, Klang, Selangor",41400.0,Klang,Selangor,RYB0974,3.077638,101.434797,Central,90034668,9397.5,4593.5,13991.0,Bukit Raja
7,9.0,RYB0848,90037368.0,BT 9 TANJUNG KARANG,ONE CITY SUPERSTATION,CENTRAL 1,C01,Rural,Transient,"Lot 19797, GM 2038, Mukim Tanjung Karang",43000.0,Kuala Selangor,Selangor,RYB0848,3.428692,101.164448,Central,90037368,9071.0,4112.0,13183.0,Sekinchan
8,10.0,RYB0854,90038541.0,TANJONG KARANG 2,HE GLOBAL PETROL KIOSK,CENTRAL 1,C01,Rural,Transient,"Lot 5, GM 627 (PT 25 HSM 2948) Mukim Hujung Permatang, Tanjung Karang, Selangor",45500.0,Kuala Selangor,Selangor,RYB0854,3.414436,101.19103,Central,90038541,5651.0,4676.0,10327.0,Sekinchan
9,11.0,RYB0197,90038575.0,BATU 6 JALAN MERU,SURANI DAN ANAK ANAK,CENTRAL 1,C01,Urban,Transient,"Lot 2114, Batu 6, Jalan Meru, Klang",41050.0,Klang,Selangor,RYB0197,3.13138,101.439782,Central,90038575,20708.5,4379.0,25087.5,Meru
10,12.0,RYB0450,90039184.0,BATU BELAH,BATU BELAH PETROSERVIS,CENTRAL 1,C01,Rural,Transient,"Lot PT 15124-15137, Kg Batu Belah, Lebuhraya Shapadu",42100.0,Klang,Selangor,RYB0450,3.069418,101.437429,Central,90039184,5374.5,4671.5,10046.0,Bukit Raja
11,13.0,RYB1042,90039352.0,SUNGAI HAJI DORANI,DORANI MULTI IDEA RESOURCES,CENTRAL 1,C01,Rural,Transient,"Lot 9188 & 9189 GM 80, Kampong Sg. Haji Dorani, Sungai Besar, Panchang Bedena, Sabak Bernam, Selangor",45300.0,Sabak Bernam,Selangor,RYB1042,3.642022,101.027969,Central,90039352,9604.0,4458.0,14062.0,Sungai Besar
12,14.0,RYB0525,90040148.0,BATU 2 1/2 JLN KAPAR,ZIKRYZ SERVICES,CENTRAL 1,C01,Urban,Residential,"Lot PT 23, Bt 2 1/2 Jalan Kapar",41400.0,Klang,Selangor,RYB0525,3.067743,101.426952,Central,90040148,5061.5,3417.0,8478.5,Batu 4
13,15.0,RYB0591,90041911.0,SHAPADU HIGHWAY,NAZRA RESOURCES,CENTRAL 1,C01,Highway,Intrastate,"Lot 52, Kawasan R&R, Lebuhraya Baru Shapadu 41400, Klang. Selangor",41400.0,Klang,Selangor,RYB0591,3.080822,101.426705,Central,90041911,11946.5,19325.0,31271.5,Bukit Raja
14,16.0,RYB0117,90042298.0,KUALA SELANGOR,CEMPAKA MURNI PETROSERVIS,CENTRAL 1,C01,Sub Urban,Residential,Lot 629 Batu 1 Jalan Besar,45000.0,Kuala Selangor,Selangor,RYB0117,3.332947,101.255488,Central,90042298,8836.0,2684.0,11520.0,Kapar
15,17.0,RYB0216,90042341.0,SEKINCHAN,SEKINCHAN MULTI IDEA RESOURCES,CENTRAL 1,C01,Rural,Transient,"Lot 295, Jalan Besar, Pekan Sekinchan, Selangor",45400.0,Sabak Bernam,Selangor,RYB0216,3.508796,101.099844,Central,90042341,3502.0,1661.5,5163.5,Sekinchan
16,18.0,RYB1292,90047701.0,PASIR PENAMBANG,7 HEAVEN EMPIRE,CENTRAL 1,C01,Rural,Transient,"PT 762, Jalan Pasir Penambang, Seksyen 3, Pekan Pasir Penambang,  45000  Selangor",45000.0,Kuala Selangor,Selangor,RYB1292,3.3488116384,101.25456587,Central,90047701,8087.0,3546.0,11633.0,Sekinchan
17,19.0,RYB0330,90001985.0,JALAN KIM CHUAN,ANY ENTERPRISE,CENTRAL 1,C02,Urban,Residential,"Lot PT 11854, Jln Kim Chuan, Pelabuhan Klang",42000.0,Klang,Selangor,RYB0330,3.015814,101.426364,Central,90001985,4215.0,1125.0,5340.0,Pandamaran
18,20.0,RYB0336,90018404.0,SRI ANDALAS,STESEN MINYAK ADIL ABADI,CENTRAL 1,C02,Urban,Residential,"Lot 17100 - 17102, Taman Sri Andalas, Jalan Banting, Klang",41300.0,Klang,Selangor,RYB0336,3.020587,101.442495,Central,90018404,7151.5,816.0,7967.5,Pandamaran
19,21.0,RYB0212,90018579.0,KG JAWA,LUKMAN BIN A HAMID,CENTRAL 1,C02,Urban,Residential,"Lot 17867, Jalan Kota Raja, Kampung Jawa, Klang",41000.0,Klang,Selangor,RYB0212,3.033309,101.453341,Central,90018579,12596.0,2089.0,14685.0,Telok Menegun
20,22.0,RYB0264,90030200.0,TAMAN RASHNA,DAYARIA SERVICES,CENTRAL 1,C02,Urban,Residential,"Lot 544, Jalan Batu Tiga Lama, Taman Rashna, Klang",41300.0,Klang,Selangor,RYB0264,3.053104,101.469874,Central,90030200,7262.0,1864.5,9126.5,Telok Menegun
21,23.0,RYB0617,90032084.0,PANDAMAR INDAH 2,ROFHAZ ENTERPRISE,CENTRAL 1,C02,Urban,Transient,H.S. (D) 26752 PT 26387 Tmn Pandamar Indah II Mukim Klang,41200.0,Klang,Selangor,RYB0617,2.983021,101.425532,Central,90032084,12426.5,13125.0,25551.5,Glenmarie Covie
22,24.0,RYB0632,90032293.0,BUKIT TINGGI 1,BUKIT TINGGI PRIMAX ENTERPRISE,CENTRAL 1,C02,Urban,Residential,Part of Lot 7725 Bandar Bukit Tinggi Klang Selangor,41200.0,Klang,Selangor,RYB0632,3.007304,101.439521,Central,90032293,12566.5,1527.0,14093.5,Pandamaran
23,25.0,RYB0650,90032655.0,TELOK PANGLIMA GARANG,AKRAB PADU ENTERPRISE,CENTRAL 1,C02,Urban,Residential,Lot 3020 Mukim Telok Panglima Garang,42500.0,Kuala Langat,Selangor,RYB0650,2.926285,101.473443,Central,90032655,29293.5,9022.0,38315.5,Teluk Panglima Garang
24,26.0,RYB0695,90033522.0,BUKIT TINGGI 2,STESYEN SRI LARIS,CENTRAL 1,C02,Urban,Residential,"Lot 1 Bandar Bukit Tinggi, Klang, Selangor",41200.0,Klang,Selangor,RYB0695,3.008252,101.432407,Central,90033522,14764.0,1688.0,16452.0,Pandamaran
25,27.0,RYB1029,90037670.0,JALAN SUNGAI JATI,AL-KAUTHAR ENTERPRISE,CENTRAL 1,C02,Urban,Transient,"Lot PT 58358-59, 58370-71, HS(D) 10362, Jalan Sungai Jati, Mukim Klang, Selangor",41000.0,Klang,Selangor,RYB1029,3.012906,101.458425,Central,90037670,15676.5,4307.0,19983.5,Kota Raja
26,28.0,RYB0994,90037880.0,KOTA BAYUEMAS,POTNAS ENTERPRISE,CENTRAL 1,C02,Rural,Transient,"Lot 4520, Fasa 1, Kota Bayu Emas, Mukim Klang, Selangor",42100.0,Klang,Selangor,RYB0994,2.97877,101.451484,Central,90037880,16421.0,11509.5,27930.5,Kota Raja
27,29.0,RYB0391,90048103.0,BANDAR KLANG,MZ STESEN NIAGA,CENTRAL 1,C02,Urban,Transient,"Lot 95-97, Jalan Batu 3 Lama, Bandar Kelang",41300.0,Klang,Selangor,RYB0391,3.048608,101.454378,Central,90048103,6972.0,1338.5,8310.5,Telok Menegun
28,30.0,RYB1132,90040731.0,SG JATI ARAH KELANG ,TUAH S JATI ENTERPRISE,CENTRAL 1,C02,Sub Urban,Transient,"Lot 2555 GM 944 & Lot 2556 GM 1649, Mukim Klang, Selangor",41000.0,Klang,Selangor,RYB1132,3.009029,101.473895,Central,90040731,11098.5,7240.5,18339.0,Kota Raja
29,31.0,RYB1031,90041005.0,JLN KLANG - BANTING,MAJU MAKMUR BARAKATH ENTERPRISE,CENTRAL 1,C02,Rural,Transient,"Lot PT 10116, HS(M) 10766, Mukim Telok Panglima Garang, ",42500.0,Kuala Langat,Selangor,RYB1031,2.944908,101.47082,Central,90041005,11377.0,3329.5,14706.5,Teluk Panglima Garang
30,32.0,RYB0112,90041842.0,JALAN PANDANGAN,JALAN PANDANGAN SSZ SERVICE STATION,CENTRAL 1,C02,Urban,Residential,"Lot 27956-27958, Jalan Pandangan, Kg Raja Uda, Pelabuhan Klang",42000.0,Klang,Selangor,RYB0112,3.015217,101.411896,Central,90041842,8571.5,700.5,9272.0,Pandamaran
31,33.0,RYB0572,90041990.0,PANDAMARAN INDAH,YAKSHA TRADING,CENTRAL 1,C02,Urban,Residential,"Lot PT 26061, Solok Pendamar Indah 1, Taman Pendamar Indah, Pelabuhan Klang",42000.0,Klang,Selangor,RYB0572,2.986864,101.418237,Central,90041990,10103.5,11460.0,21563.5,Glenmarie Covie
32,34.0,RYB0265,90042203.0,PEKAN PANDAMARAN,MYRAIS ENTERPRISE,CENTRAL 1,C02,Urban,Residential,"Lot PT 31182, Kampung Baru, Pekan Pandamaran, Pelabuhan Klang",42000.0,Klang,Selangor,RYB0265,3.008219,101.415743,Central,90042203,6068.0,2170.5,8238.5,Pandamaran
33,35.0,RYB0263,90043756.0,BT 2 JLN MERU,NADI MESAH ENTERPRISE,CENTRAL 1,C02,Urban,Residential,"Lot 3585, Km 1, Jalan Meru, Klang, Selangor",41050.0,Klang,Selangor,RYB0263,3.061989,101.452326,Central,90043756,4352.5,707.0,5059.5,Bukit Raja
34,36.0,RYB0534,90046374.0,PER. RAJA MUDA MUSA,SSZ JAYA SERVISE STATION,CENTRAL 1,C02,Urban,Transient,"Lot 5912, No.5, Persiaran Raja Muda Musa",41100.0,Klang,Selangor,RYB0534,3.024631,101.422394,Central,90046374,7885.0,2039.0,9924.0,Pandamaran
35,37.0,RYB1193,90047859.0,TAMAN KOTA PENDAMAR,THAQIF KEM SERVICES,CENTRAL 1,C02,Urban,Transient,"Lot 137939, Lebuhraya Pelabuhan Barat/KS05, Taman Kota Pendamar",42000.0,Klang,Selangor,RYB1193,2.989281,101.409696,Central,90047859,11045.0,15635.0,26680.0,Glenmarie Covie
36,39.0,RYB0716,90047708.0,GLENMARIE TTDI JAYA,NAJAH SERVICES,CENTRAL 1,C03,Urban,Residential,"24, Jalan Juruwang AU1/A Seksyen U1Shah Alam",40150.0,Petaling,Selangor,RYB0716,3.095733,101.556552,Central,90047708,10911.0,2092.5,13003.5,Damansara
37,40.0,RYB0758,90034051.0,NKVE,BERKAT VISTA,CENTRAL 1,C03,Highway,Intrastate,"Lot 15385 Km 15.3 NKVE-Damansara Bound, Damansara, Selangor",47301.0,Petaling,Selangor,RYB0758,3.11899,101.593116,Central,90034051,19235.5,22385.0,41620.5,Petaling Jaya
38,41.0,RYB0723,90034875.0,FAS FEDERAL HIGHWAY 1,LAGENDA FAS SDN BHD,CENTRAL 1,C03,Highway,Intrastate,"KM 8.6 - KM 8.7, Seksyen 1, Lebuh Raya Persekutuan, Shah Alam,Selangor",40450.0,Petaling,Selangor,RYB0723,3.063248,101.499988,Central,90034875,23093.5,5800.0,28893.5,Shah Alam
39,42.0,RYB0743,90036095.0,SEKSYEN 22,UMIZ SERVICE STATION,CENTRAL 1,C03,Urban,Transient,"Lot 52548, 52549 & 52550, Section 22 Shah Alam, Mukim Damansara, Selangor",40300.0,Petaling,Selangor,RYB0743,3.061169,101.556344,Central,90036095,11196.0,3563.0,14759.0,Subang Jaya
40,43.0,RYB0835,90036751.0,SEKSYEN 13,GANDA MESRA ENTERPRISE,CENTRAL 1,C03,Urban,Residential,"Lot 445, No.2 , Jalan Akuatik A 13/64A, Seksyen 13, Shah Alam, Selangor",40100.0,Petaling,Selangor,RYB0835,3.078349,101.546816,Central,90036751,23564.5,1984.5,25549.0,Damansara
41,44.0,RYB0943,90036976.0,NKVE KLANG BOUND,DELL KIOSK,CENTRAL 1,C03,Highway,Intrastate,"New Klang Valley Expressway (NKVE), Bukit Raja Toll (Klang Bound), Klang, Seksyen 7 Shah Alam",40000.0,Shah Alam,Selangor,RYB0943,3.070983,101.473203,Central,90036976,7104.0,6277.5,13381.5,Telok Menegun
42,45.0,RYB0959,90038491.0,JLN PLUMBUM SEK 7,AIKHALMAN ENTERPRISE,CENTRAL 1,C03,Urban,Residential,"No. 1 Persiaran Kayangan, Jalan Plumbum P7/P, Fasa 3C, Shah Alam, Selangor",40000.0,Petaling,Selangor,RYB0959,3.06938,101.49066,Central,90038491,18000.0,1750.0,19750.0,Shah Alam
43,46.0,RYB1037,90047287.0,SETIA ALAM,SAMUSIM DUA ENTERPRISE,CENTRAL 1,C03,Urban,Transient,"No.1, Jalan Setia Murni U13/50, Setia Alam, Seksyen U13, Bandar Setia Alam Shah Alam 40170 Selangor",40170.0,Petaling,Selangor,RYB1037,3.109443,101.447431,Central,90047287,19273.0,5492.0,24765.0,Meru
44,47.0,RYB0839,90038703.0,NKVE SUBANG,MH GLOBAL ENTERPRISE,CENTRAL 1,C03,Highway,Intrastate,"Lot PT 111 HS (M) 10261 Section 40, Subang, Selangor",47301.0,Petaling,Selangor,RYB0839,3.100208,101.590232,Central,90038703,9948.5,7363.5,17312.0,Petaling Jaya
45,48.0,RYB0713,90039791.0,ARA DAMANSARA,KFS PETROMART,CENTRAL 1,C03,Urban,Residential,"LOT 1423, Mukim Damansara, Jln PJU 1A/20 Ara Damansara, Selangor",47600.0,Petaling,Selangor,RYB0713,3.123527,101.575333,Central,90039791,23193.5,2957.0,26150.5,Petaling Jaya
46,49.0,RYB1036,90040169.0,KLANG SENTRAL,MARGA PERSONA ENTERPRISE,CENTRAL 1,C03,Urban,Transient,"Lot PT 64329 HS(D) 136027, Jalan Haji Abdul Manan, Mukim Kapar, Selangor",41050.0,Klang,Selangor,RYB1036,3.11203,101.43475,Central,90040169,10426.0,7968.0,18394.0,Meru
47,50.0,RYB0337,90040594.0,SEC. 6 SHAH ALAM,ALYA SARA UMARUDDIN ENTERPRISE,CENTRAL 1,C03,Urban,Residential,"Lot 435,  Jalan Nuri 6/61, Seksyen 6, Shah Alam",40000.0,Petaling,Selangor,RYB0337,3.083835,101.507417,Central,90040594,20775.5,1414.0,22189.5,Shah Alam
48,51.0,RYB0919,90040677.0,SEKSYEN 18,HANZ BIZ SERVICES,CENTRAL 1,C03,Urban,Residential,"Lot PT 115, Jalan Pinang 18/A, Persiaran Jubli Perak, Seksyen 18, Shah Alam, Selangor",40200.0,Petaling,Selangor,RYB0919,3.044897,101.515517,Central,90040677,15698.5,1923.5,17622.0,Shah Alam
49,52.0,RYB1108,90040723.0,SEK 15 SHAH ALAM,FIZZILI SERVICES,CENTRAL 1,C03,Urban,Transient,"Lot PT 812 HS(D) 240429, Seksyen 15, Persiaran Selangor, Shah Alam, Selangor",40200.0,Petaling,Selangor,RYB1108,3.063503,101.524606,Central,90040723,12043.0,4326.0,16369.0,Shah Alam
50,53.0,RYB1131,90040906.0,BT 3 FEDERAL H/WAY,SINAR HAYAT SERVICES,CENTRAL 1,C03,Highway,Intrastate,"Lot PT 5, HS (D) 239246, Pekan Country Heights, Mukim Damansara, Selangor",46150.0,Petaling,Selangor,RYB1131,3.080648,101.572574,Central,90040906,14636.5,2777.5,17414.0,Subang Jaya
51,54.0,RYB0838,90042643.0,FEDERAL HIGHWAY (KM 12.3) - ARAH KLANG,DZIYA ZADA SERVICES,CENTRAL 1,C03,Highway,Intrastate,"KM 12.3 Lebuhraya Persekutuan Arah Klang, Seksyen 15, Shah Alam, Selangor",40000.0,Petaling,Selangor,RYB0838,3.066769,101.532633,Central,90042643,21779.0,8182.5,29961.5,Shah Alam
52,55.0,RYB1002,90046373.0,TEMASYA FEDERAL HIGHWAY,MYRAIS TEMASYA ENTERPRISE,CENTRAL 1,C03,Urban,Residential,"KM 18.5 Federal Highway Subang Jaya Exit (KL Bound), Seksyen U1, Shah Alam",40150.0,Petaling,Selangor,RYB1002,3.084188,101.583496,Central,90046373,13750.5,2452.0,16202.5,Subang Jaya
53,56.0,RYB0036,90046916.0,SUBANG,MIDCITY GAS STATION,CENTRAL 1,C03,Urban,Transient,"Lot 1210 Jalan Lapangan Terbang, Subang",47200.0,Petaling,Selangor,RYB0036,3.116947,101.565606,Central,90046916,19139.0,6246.5,25385.5,Damansara
54,58.0,RYB0163,90009818.0,SEK. 20 SHAH ALAM,SERVIS STESEN LALUAN SUTERA,CENTRAL 1,C04,Urban,Residential,"Lot 2, Jalan 20/1, Seksyen 20, Shah Alam",40300.0,Petaling,Selangor,RYB0163,3.056773,101.541948,Central,90009818,11088.5,1198.0,12286.5,Shah Alam
55,59.0,RYB0251,90009823.0,USJ 2,ALI LOK ENTERPRISE,CENTRAL 1,C04,Urban,Residential,"Lot PT 2781, Jalan USJ 2/2D, Subang UEP, Subang Jaya",47600.0,Petaling,Selangor,RYB0251,3.057523,101.591391,Central,90009823,9781.0,1468.5,11249.5,Subang Jaya
56,60.0,RYB0429,90018633.0,USJ 6,STESEN SERVIS FAZA,CENTRAL 1,C04,Urban,Residential,"Lot 7003 Jalan USJ 6/2J Subang UEP, Subang Jaya",47600.0,Petaling,Selangor,RYB0429,3.051542,101.583727,Central,90018633,7039.0,436.5,7475.5,Subang Jaya
57,61.0,RYB0580,90031173.0,AXIS SHAH ALAM,NST MESRA KIOSK,CENTRAL 1,C04,Urban,Residential,"No. 2, Jalan Sepadu 25/123, Taman Perindustrian Axis, Seksyen 25, Shah Alam",40460.0,Petaling,Selangor,RYB0580,3.027283,101.542223,Central,90031173,9485.0,12451.0,21936.0,Bukit Kemuning
58,62.0,RYB0715,90033896.0,KESAS ARAH TIMUR KM 34.5,FAJAR FIRASAT ENTERPRISE,CENTRAL 1,C04,Highway,Intrastate,"Km 34.5 Lebuhraya Shah Alam (KESAS) (KL Bound), Selangor",40000.0,Petaling,Selangor,RYB0715,3.048543,101.56148,Central,90033896,22844.5,18964.0,41808.5,Subang Jaya
59,63.0,RYB0714,90034021.0,KESAS ARAH BARAT KM 34.5,MOFA TULEN ENTERPRISE,CENTRAL 1,C04,Highway,Intrastate,"Km 34.5 KESAS Highway (Shah Alam Bound), Selangor",40000.0,Petaling,Selangor,RYB0714,3.049783,101.563237,Central,90034021,17435.0,11355.0,28790.0,Subang Jaya
60,64.0,RYB0763,90034109.0,BKT KEMUNING 2,SRA MAJU JAYA ENTERPRISE,CENTRAL 1,C04,Urban,Residential,"Lot 4 GM 2243 Jalan Bukit Kemuning, Klang, Selangor",40460.0,Klang,Selangor,RYB0763,3.015844,101.527142,Central,90034109,6228.0,13139.0,19367.0,Bukit Kemuning
61,65.0,RYB0724,90034152.0,USJ 20,ADELIA MESRA DUA ENTERPRISE,CENTRAL 1,C04,Urban,Residential,"Lot 49946 USJ 20 Mukim Damansara, Selangor",47630.0,Petaling,Selangor,RYB0724,3.030087,101.583845,Central,90034152,11434.0,3800.0,15234.0,Subang Jaya
62,66.0,RYB0764,90034594.0,KOTA KEMUNING,JML DAMAI SERVICES,CENTRAL 1,C04,Urban,Residential,"Lot 68501 Jalan Persiaran Anggerik Mokara Kota Kemuning, Shah Alam",40460.0,Petaling,Selangor,RYB0764,2.985413,101.542466,Central,90034594,35572.0,7182.5,42754.5,Bukit Kemuning
63,67.0,RYB0843,90036809.0,KOTA KEMUNING 2,KK PETROL STATION,CENTRAL 1,C04,Urban,Residential,"No.4, Jalan Anggerik Eria 31/106, Seksyen 13, Kota Kemuning, Selangor",40460.0,Petaling,Selangor,RYB0843,2.992783,101.530753,Central,90036809,23606.5,4763.5,28370.0,Bukit Kemuning
64,68.0,RYB0003,90036953.0,SS 17/2 SUBANG JAYA,FS HERITAGE ENTERPRISE,CENTRAL 1,C04,Urban,Residential,"Lot 7380 & 7381, Jalan SS 17/2, Subang Jaya",47500.0,Petaling,Selangor,RYB0003,3.073868,101.584236,Central,90036953,5751.0,542.0,6293.0,Subang Jaya
65,69.0,RYB0852,90036990.0,KM 2 LDP,CGT RESOURCES,CENTRAL 1,C04,Highway,Intrastate,"Lot PT 14387 HS (M6834), Lebuhraya Damansara-Puchong, Puchong, Selangor",47100.0,Petaling,Selangor,RYB0852,3.021639,101.587095,Central,90036990,11579.5,5781.5,17361.0,Puchong Perdana
66,70.0,RYB0459,90037382.0,USJ 9,PETROL KIOSK AHS,CENTRAL 1,C04,Urban,Residential,"Lot 10446, Jalan Bakti, Subang USJ 9/3, Subang Jaya",47600.0,Petaling,Selangor,RYB0459,3.042827,101.583206,Central,90037382,7497.5,603.5,8101.0,Subang Jaya
67,71.0,RYB0435,90038385.0,USJ 4,MY IMPIANA KIOSK ENTERPRISE,CENTRAL 1,C04,Urban,Residential,"Lot 3870, Jln USJ 4/1, Subang UEP, Subang Jaya",47600.0,Petaling,Selangor,RYB0435,3.056589,101.576897,Central,90038385,10720.5,1082.0,11802.5,Subang Jaya
68,72.0,RYB0614,90048063.0,TAMAN ALAM MEGA,SAA NETWORK,CENTRAL 1,C04,Urban,Residential,"Lot PT 5052, Jalan Tanah Liat, Seksyen 28, Taman Alam Megah, Shah Alam",40400.0,Petaling,Selangor,RYB0614,3.004346,101.560016,Central,90048063,7920.0,2081.5,10001.5,Bukit Kemuning
69,73.0,RYB0285,90041669.0,SEKSYEN 27 SHAH ALAM,WARNA IMPIAN NIAGA,CENTRAL 1,C04,Urban,Residential,"Lot 5121 & 5123, Jln Persiaran Klang, Hicom Sector B, Seksyen 27, Shah Alam",40400.0,Petaling,Selangor,RYB0285,3.027101,101.566622,Central,90041669,8378.0,2777.0,11155.0,Subang Jaya
70,74.0,RYB0342,90041833.0,"SEKSYEN 26, SHAH ALAM",ZD PETRO SERVICES,CENTRAL 1,C04,Urban,Residential,"Lot 73, Jalan Ijuk 26/5, Seksyen 26, Shah Alam",40400.0,Petaling,Selangor,RYB0342,3.037119,101.552,Central,90041833,9000.0,10504.0,19504.0,Subang Jaya
71,75.0,RYB0969,90043765.0,USJ 1,MULTAZAM AHZA ENTERPRISE,CENTRAL 1,C04,Urban,Residential,"Lot HS(D) 216848, PT 36061 Pekan Penaga, Taman Subang Mewah, Selangor",36061.0,Petaling,Selangor,RYB0969,3.047569,101.602027,Central,90043765,9841.0,2434.0,12275.0,Subang Jaya
72,76.0,RYB0669,90045713.0,USJ 14,ALCC OIL & GAS,CENTRAL 1,C04,Urban,Residential,"Lot  14026 Jalan USJ14/1L,  Subang UEP, Petaling Jaya,Selangor",47600.0,Petaling,Selangor,RYB0669,3.038263,101.588612,Central,90045713,6973.5,484.5,7458.0,Subang Jaya
73,77.0,RYB1035,90045759.0,PUTRA HEIGHT 2,MYERA ENTERPRISE,CENTRAL 1,C04,Sub Urban,Residential,"Lot 3612, Persiaran Putra Bistari, Putra Heights Seksyen 2, Subang Jaya",47620.0,Petaling,Selangor,RYB1035,3.01932,101.57502,Central,90045759,3614.5,538.5,4153.0,Puchong Perdana
74,78.0,RYB1061,90046482.0,PEKAN BARU HICOM,MABRURAZ JAYA RESOURCES,CENTRAL 1,C04,Urban,Transient,"Lot PT 95, HS (D) 241061 (Lot Lama PT 14369) Persiaran Jubli Perak, Seksyen 22, Shah Alam, Selangor",40300.0,Petaling,Selangor,RYB1061,3.056378,101.556016,Central,90046482,9121.0,4833.5,13954.5,Subang Jaya
75,79.0,RYB0958,90046724.0,PUTRA HEIGHT,ADELIA MESRA PH ENTERPRISE,CENTRAL 1,C04,Urban,Residential,"Lot 3612 HS (D) 108483, Putra Height, Subang Jaya, Selangor",47620.0,Petaling,Selangor,RYB0958,3.017722,101.583992,Central,90046724,8374.5,2525.5,10900.0,Puchong Perdana
76,80.0,RYB0001,90018478.0,DAMANSARA JAYA 1,TITIAN ENOLILS,CENTRAL 1,C05,Urban,Residential,"Lot 8629, Jalan SS 22/41, Damansara Jaya, Selangor",47400.0,Petaling,Selangor,RYB0001,3.128283,101.620625,Central,90018478,7727.0,769.0,8496.0,Petaling Jaya
77,81.0,RYB0577,90030811.0,KAMPUNG MELAYU SUBANG,BUNGA MEKAR ENTERPRISE,CENTRAL 1,C05,Urban,Residential,"LOT PT 38368 Jln Sungai Buloh, Kg Melayu Subang, Sungai Buloh, Shah Alam",47000.0,Petaling,Selangor,RYB0577,3.158959,101.526091,Central,90030811,12507.0,4503.0,17010.0,Sungai Buloh
78,82.0,RYB0679,90033191.0,PUNCAK ALAM,ZB GEMILANG ENTERPRISE,CENTRAL 1,C05,Urban,Residential,"PT 1933 Bandar Puncak Alam,  Mukim Ijok, Kuala Selangor, Selangor",42300.0,Kuala Selangor,Selangor,RYB0679,3.220101,101.446513,Central,90033191,29555.5,8017.0,37572.5,Meru
79,83.0,RYB0692,90033538.0,KOTA DAMANSARA,LIMBAWAN ENTERPRISE,CENTRAL 1,C05,Urban,Residential,"Seksyen 2, Persiaran Surian, Kota Damansara, Mukim Sungai Buloh, Selangor",47810.0,Petaling,Selangor,RYB0692,3.149998,101.579996,Central,90033538,13596.0,2464.0,16060.0,Petaling Jaya
80,84.0,RYB0605,90034210.0,KG BHARU SUBANG,RENERGY ENTERPRISE,CENTRAL 1,C05,Urban,Residential,"Lot 4029 Jalan 1 D, Kg Baharu Subang, Sek U 6, Shah Alam",40150.0,Petaling,Selangor,RYB0605,3.142443,101.532868,Central,90034210,10545.0,16131.5,26676.5,Damansara
81,85.0,RYB0845,90036490.0,SG BULOH COUNTRY RESORT,SRI ANGGERIK ENTERPRISE,CENTRAL 1,C05,Urban,Residential,"Lot 1661 HS(D) 3142, Mukim Ijok Sungai Buloh Country Resort, Sungai Buloh, Selangor",47000.0,Petaling,Selangor,RYB0845,3.201231,101.481292,Central,90036490,25556.0,2691.5,28247.5,Meru
82,86.0,RYB0842,90036648.0,SUBANG BESTARI,IMAN ZME TRADING AND SERVICES,CENTRAL 1,C05,Urban,Residential,"Lot 34419 HS(M) 10268 & 34420, HS(M) 10269 Subang Bestari, Selangor",40150.0,Petaling,Selangor,RYB0842,3.174389,101.548994,Central,90036648,25363.5,4598.0,29961.5,Sungai Buloh
83,87.0,RYB0780,90036748.0,ELITE LAYBY,S & N ENTERPRISE,CENTRAL 1,C05,Highway,Intrastate,"Plaza Tol Shah Alam, Elite Highway-Bukit Jelutong Layby, Seksyen U8, Selangor",40150.0,Petaling,Selangor,RYB0780,3.099121,101.544359,Central,90036748,10707.0,20797.0,31504.0,Damansara
84,88.0,RYB0010,90037226.0,D. JAYA 2,AZAM MESRA DUA ENTERPRISE,CENTRAL 1,C05,Urban,Residential,"Lot 10068, Jalan SS 22/48, Damansara Jaya",47400.0,Petaling,Selangor,RYB0010,3.121275,101.618529,Central,90037226,11459.0,1826.0,13285.0,Petaling Jaya
85,89.0,RYB0859,90037630.0,BUKIT JELUTONG,STESEN SERVIS DE HAS,CENTRAL 1,C05,Urban,Residential,"Lot PT 30147 HS (D) 188900 (Residential) Parcel K, Bukit Jelutong, Selangor",40150.0,Petaling,Selangor,RYB0859,3.115776,101.526768,Central,90037630,24192.0,3773.0,27965.0,Damansara
86,90.0,RYB1045,90038087.0,BUKIT RAHMAN PUTRA,MAJUBIZ TRADING,CENTRAL 1,C05,Urban,Transient,"Lot PT 33428 GRN 41170, Pekan Baru Sungai Buluh, Jalan Bukit Rahman Putra, Selangor",40160.0,Petaling,Selangor,RYB1045,3.224153,101.556814,Central,90038087,24145.5,6939.0,31084.5,Sungai Buloh
87,91.0,RYB1062,90039412.0,KUANG,MENTARI MESAH ENTERPRISE,CENTRAL 1,C05,Urban,Residential,"PT 35330 HS(M) 15762, Kuang, Selangor",48050.0,Gombak,Selangor,RYB1062,3.23202,101.537679,Central,90039412,15857.5,3954.5,19812.0,Kuang
88,92.0,RYB1057,90040363.0,PEKAN BARU SUBANG,MESRA BESTARI ENTERPRISE,CENTRAL 1,C05,Sub Urban,Transient,"PT 684, HS(D) 256544, Jalan Sungai Buloh, Batu 3, Pekan Baru Subang, Seksyen U3, Selangor",40150.0,Petaling,Selangor,RYB1057,3.153277,101.548335,Central,90040363,10018.0,3600.0,13618.0,Petaling Jaya
89,93.0,RYB1096,90040543.0,MERBAU INDAH,STESEN MI MESRA,CENTRAL 1,C05,Rural,Transient,"PT 47359 HS(M) 14183, Kampung Merbau Indah, Sungai Buloh, Selangor",47000.0,Petaling,Selangor,RYB1096,3.224198,101.496171,Central,90040543,18652.0,6013.5,24665.5,Kundang
90,94.0,RYB0850,90040603.0,PUNCAK ALAM 2,ANTARA QDUA ENTERPRISE,CENTRAL 1,C05,Urban,Residential,"Lot PT 1937, Mukim Ijok, Bandar Puncak Alam, Selangor",45000.0,Kuala Selangor,Selangor,RYB0850,3.231891,101.427241,Central,90040603,1.0,1.0,2.0,Kundang
91,95.0,RYB0985,90040735.0,KOTA DAMANSARA 2,SABAZ ENTERPRISE,CENTRAL 1,C05,Urban,Residential,"Lot 1, Jalan Camar 4/1, Off Persiaran Surian, Seksyen 4, Kota Damansara, Mukim Sungai Buloh, Selangor",47810.0,Petaling,Selangor,RYB0985,3.150582,101.585564,Central,90040735,9065.0,1161.0,10226.0,Petaling Jaya
92,96.0,RYB1073,90040788.0,SG BULOH LAYBY,QALIQ HS ENTERPRISE,CENTRAL 1,C05,Highway,Interstate,"KM 453, Sungai Buloh Layby (KL Bound), PLUS NSE, Selangor",47000.0,Petaling,Selangor,RYB1073,3.224806,101.577034,Central,90040788,18008.5,20361.0,38369.5,Sungai Buloh
93,97.0,RYB1241,90042089.0,"KLS, ARAH KUALA LUMPUR",CAHAYA NADZA RESOURCES,CENTRAL 1,C05,Highway,Intrastate,"Kundang RSA (Arah Timur), Lebuhraya KL-Kuala Selangor (LATAR), Rawang, Gombak, Selangor",48000.0,Gombak,Selangor,RYB1241,3.271032,101.506851,Central,90042089,14653.5,6425.0,21078.5,Kundang
94,98.0,RYB1240,90042103.0,"KLS, ARAH KUALA SELANGOR",SALMI SAMOON SERVICE STATION,CENTRAL 1,C05,Highway,Intrastate,"Kundang RSA (Arah Kuala Selangor), Lebuhraya KL-Kuala Selangor (LATAR), Mukim Rawang, Gombak,Selangor",48000.0,Gombak,Selangor,RYB1240,3.269602,101.508667,Central,90042103,12569.5,6623.5,19193.0,Kundang
95,99.0,RYB0857,90044185.0,BUKIT SUBANG,MAZAF RESOURCES,CENTRAL 1,C05,Rural,Transient,"Lot PT 4588 HS(D) 163079, Bukit Subang, Mukim Damansara, Daerah Petaling",40150.0,Petaling,Selangor,RYB0857,3.171211,101.510126,Central,90044185,16344.5,2635.5,18980.0,Sungai Buloh
96,100.0,RYW0447,90009808.0,SG PENCHALA,NYONAN SDN BHD,CENTRAL 2,C07,Urban,Transient,"Lot 2956, Jalan Damansara, Sungai Penchala, Kuala Lumpur",60000.0,Petaling,W Persekutuan,RYW0447,3.157943,101.615972,Central,90009808,14634.5,1706.0,16340.5,Bandar Sri Damansara
97,101.0,RYW0289,90017026.0,BRICKFIELDS,KOPERASI KAKITANGAN PETRONAS BHD,CENTRAL 2,C07,Urban,Residential,"Lot 545-552, Jln Tun Sambanthan, Brickfields, Kuala Lumpur",50470.0,Wilayah Persekutuan Kuala Lumpur,W Persekutuan,RYW0289,3.136002,101.690642,Central,90017026,8393.5,1163.0,9556.5,Cheras
98,102.0,RYW0002,90018386.0,TAMAN TUN DR. ISMAIL,STESEN MINYAK TTDI,CENTRAL 2,C07,Urban,Residential,"Lot 29395 & 29396, Persiaran Zaaba, Taman Tun Dr Ismail, Kuala Lumpur",60000.0,Wilayah Persekutuan Kuala Lumpur,W Persekutuan,RYW0002,3.142254,101.625332,Central,90018386,14553.5,870.0,15423.5,Petaling Jaya
99,103.0,RYB0648,90032576.0,DESA MENTARI,KAIZATON ENTERPRISE,CENTRAL 2,C07,Urban,Residential,"Lot PT 621 HS(D) 173396 Desa Mentari, Jalan Kelang Lama, Mukim Petaling, Selangor",46150.0,Petaling,Selangor,RYB0648,3.081402,101.618194,Central,90032576,9343.5,2087.0,11430.5,Puchong Jaya
100,104.0,RYW0333,90033582.0,"JALAN MAAROF, BANGSAR",BUSINESS IDEAS PETROSERVIS,CENTRAL 2,C07,Urban,Residential,"Lot 232 & 233, Jalan Maarof, Bangsar, Kuala Lumpur",59000.0,Wilayah Persekutuan Kuala Lumpur,W Persekutuan,RYW0333,3.128293,101.674196,Central,90033582,7931.0,1256.5,9187.5,Cheras
101,105.0,RYW0708,90033664.0,SPRINT HIGHWAY,MAIBARA ENTERPRISE,CENTRAL 2,C07,Highway,Intrastate,"Lot 52985 Lebuhraya Sprint Mukim Kuala Lumpur, Damansara, Kuala Lumpur",60000.0,Petaling,W Persekutuan,RYW0708,3.130114,101.64167,Central,90033664,19469.5,2258.0,21727.5,Petaling Jaya
102,107.0,RYW0938,90039580.0,NPE TAMAN DESA,ONE MAJU ENTERPRISE,CENTRAL 2,C07,Highway,Intrastate,"CH 11760-CH 11950, Off New Pantai Expressway (NPE) Near Taman Desa (West Bound), Kuala Lumpur",59200.0,Wilayah Persekutuan Kuala Lumpur,W Persekutuan,RYW0938,3.093664,101.680435,Central,90039580,8985.0,3581.5,12566.5,Cheras
103,108.0,RYW0993,90039583.0,NPE PANTAI DALAM,SEMUASUKA STATION,CENTRAL 2,C07,Urban,Residential,"CH.1520-1710, Off New Pantai Expressway (NPE) Near Pantai Dalam Interchange, Kuala Lumpur",59200.0,Wilayah Persekutuan Kuala Lumpur,W Persekutuan,RYW0993,3.106757,101.672575,Central,90039583,17473.0,1868.5,19341.5,Cheras
104,109.0,RYB1115,90039620.0,PETALING UTAMA,FIKRAH JITU ENTERPRISE,CENTRAL 2,C07,Urban,Residential,"Lot No. PT 1773 HS(D) 243795, KM 11, Jalan Klang Lama, Selangor",46000.0,Petaling,Selangor,RYB1115,3.079262,101.64688,Central,90039620,11903.5,1991.5,13895.0,Puchong Jaya
105,110.0,RYB1133,90040329.0,BDR SRI DAMANSARA,SEMBAYU FLEET SERVICES,CENTRAL 2,C07,Sub Urban,Residential,"Lot 37196 & 37197, Persiaran Perdana, Bandar Sri Damansara, Selangor",52200.0,Petaling,Selangor,RYB1133,3.19626,101.609079,Central,90040329,9914.0,1215.0,11129.0,Bandar Sri Damansara
106,111.0,RYW0013,90040613.0,SRI SENTOSA,ROSHAN JAAN ENTERPRISE,CENTRAL 2,C07,Urban,Residential,"Lot PT 737, Taman Sri Sentosa, Off Jalan Klang Lama, Kuala Lumpur",58000.0,Wilayah Persekutuan Kuala Lumpur,W Persekutuan,RYW0013,3.076232,101.654425,Central,90040613,7250.0,2000.0,9250.0,Puchong Jaya
107,112.0,RYW1027,90040680.0,BUKIT BANDAR RAYA,YUSZHA ENTERPRISE,CENTRAL 2,C07,Urban,Residential,"Lot PT 313, HS (D) 310, Persimpangan Jalan Maarof 5, Bangsar, Kuala Lumpur",58000.0,Wilayah Persekutuan Kuala Lumpur,W Persekutuan,RYW1027,3.137426,101.673306,Central,90040680,10977.5,757.0,11734.5,Cheras
108,113.0,RYW1166,90041391.0,KM 2.95 PENCHALA LINK (ARAH DAMANSARA),PROLANDER HECTARE,CENTRAL 2,C07,Highway,Intrastate,"KM 2.95, Penchala Link (West Bound) Plaza Tol Penchala, Kuala Lumpur",50480.0,Wilayah Persekutuan Kuala Lumpur,W Persekutuan,RYW1166,3.163018,101.641346,Central,90041391,9500.0,1000.0,10500.0,Bandar Sri Damansara
109,114.0,RYB1000,90041437.0,KM 5.75 PENCHALA LINK (ARAH KL),DZIYA ZADA RESOURCES,CENTRAL 2,C07,Highway,Intrastate,"KM 5.75, Lebuhraya Penchala Link, Kuala Lumpur",60000.0,Wilayah Persekutuan Kuala Lumpur,W Persekutuan,RYB1000,3.164728,101.620484,Central,90041437,15649.5,1858.5,17508.0,Bandar Sri Damansara
110,115.0,RYW0308,90042924.0,SRI HARTAMAS,AZZA SYNERGY,CENTRAL 2,C07,Urban,Residential,"Lot 48653, Jalan Hartamas 1, Taman Sri Hartamas, Kuala Lumpur",50480.0,Wilayah Persekutuan Kuala Lumpur,W Persekutuan,RYW0308,3.157391,101.649424,Central,90042924,17706.5,1331.5,19038.0,Bandar Sri Damansara
111,116.0,RYB0019,90043191.0,KELANA JAYA,ZIQPETRO RESOURCES,CENTRAL 2,C07,Urban,Residential,"Lot 2, Jalan SS 3/39, Kelana Jaya, Selangor",47300.0,Petaling,Selangor,RYB0019,3.088678,101.613478,Central,90043191,,,0.0,Puchong Jaya
112,117.0,RYB0731,90044904.0,MUTIARA DAMANSARA ,FIZARA PETROBIZ,CENTRAL 2,C07,Urban,Residential,"Lot PT 40036 HS(D) 144347 Mukim Sungai Buloh,  (Mutiara Damansara ), Petaling , Selangor",47800.0,Petaling,Selangor,RYB0731,3.160093,101.614245,Central,90044904,10528.5,898.5,11427.0,Bandar Sri Damansara
113,118.0,RYB0841,90034646.0,DAMANSARA DAMAI,DAMAI CONVENIENCE PETROL MART,CENTRAL 2,C07,Urban,Residential,"Lot PT 36235 Damansara Damai, Petaling, Selangor",47000.0,Petaling,Selangor,RYB0841,3.192907,101.593321,Central,90034646,9367.0,1290.5,10657.5,Bandar Sri Damansara
114,119.0,RYW0229,90046502.0,JALAN BANGSAR,QANAAH PETRO SERVIS,CENTRAL 2,C07,Urban,Residential,"Lot 100, Seksyen 96-A, Jln Bangsar, Kuala Lumpur",59200.0,Wilayah Persekutuan Kuala Lumpur,W Persekutuan,RYW0229,3.122121,101.675003,Central,90046502,8704.5,,8704.5,Cheras
115,120.0,RYB0485,90017057.0,TAMAN SAMUDRA,STESYEN MINYAK GEMILANG,CENTRAL 2,C08,Urban,Residential,"Lot 29071 - 29072, Taman Samudra, Selangor",68100.0,Gombak,Selangor,RYB0485,3.235212,101.691502,Central,90017057,15930.5,2707.0,18637.5,Batu Caves
116,121.0,RYW0118,90031815.0,JAMBU JERTEH,KARINA ELWASIQ ENTERPRISE,CENTRAL 2,C08,Urban,Residential,"Lot No. 2, Jalan Jambu Jerteh Off Jalan Kepong, Kepong, Kuala Lumpur",52000.0,Wilayah Persekutuan Kuala Lumpur,W Persekutuan,RYW0118,3.205118,101.667066,Central,90031815,12915.0,2394.0,15309.0,Batu Caves
117,122.0,RYB0642,90032511.0,LINGKARAN KARAK,KARAK HIGHWAY SERVICE STATION,CENTRAL 2,C08,Urban,Transient,"Lot 1092 PT 6075 Lebuhraya Karak, Selayang Selangor",53000.0,Gombak,Selangor,RYB0642,3.241559,101.716779,Central,90032511,11731.5,5575.5,17307.0,Batu Caves
118,123.0,RYW0709,90033834.0,LINGKARAN TENGAH 2,DINAR NIAGA ENTERPRISE,CENTRAL 2,C08,Urban,Transient,"Lot 17292 MRR2 (Batu Caves Bound), Mukim Batu, Kepong, Kuala Lumpur",53100.0,Gombak,W Persekutuan,RYW0709,3.230043,101.651544,Central,90033834,9223.0,3861.5,13084.5,Gombak
119,124.0,RYW0726,90033837.0,BT 6 JALAN IPOH,LAPAN PULUH TUJUH ENTERPRISE,CENTRAL 2,C08,Urban,Transient,"Lot PT 17011 , Batu 6, Mukim Batu, Jalan Ipoh, Kuala Lumpur",68100.0,Gombak,W Persekutuan,RYW0726,3.222191,101.672317,Central,90033837,12629.0,5768.5,18397.5,Batu Caves
120,125.0,RYB0668,90035906.0,B B SELAYANG FASA 2A,Z TWO H ENTERPRISE,CENTRAL 2,C08,Urban,Residential,"Lot 60349, Bandar Baru Selayang, Fasa 2A, Jalan Sungai Tua Batu",68100.0,Gombak,Selangor,RYB0668,3.26264,101.67717,Central,90035906,11826.5,5703.5,17530.0,Selayang
121,126.0,RYB0757,90036292.0,SUNWAY BATU CAVES,LA PETROLEUM SERVICES,CENTRAL 2,C08,Urban,Residential,"Lot 10903, 10904 @ 4756 Mukim Batu, Gombak, Selangor",68100.0,Gombak,Selangor,RYB0757,3.236342,101.687458,Central,90036292,9320.0,3865.0,13185.0,Batu Caves
122,127.0,RYB0962,90037393.0,JALAN SUNGAI TUA,AMANIS ENTERPRISE,CENTRAL 2,C08,Urban,Residential,"Lot PT 34825, HS (D) 263792 & 93, Jalan Sungai Tua, Mukim Batu, Gombak, Selangor",68100.0,Gombak,Selangor,RYB0962,3.238481,101.673632,Central,90037393,17490.5,3530.5,21021.0,Batu Caves
123,128.0,RYB0939,90037899.0,TAMAN SRI GOMBAK,KULIS MIEZA SERVICES,CENTRAL 2,C08,Urban,Residential,"Lot PT 8266 HSD 193816, Jalan Makmur, Taman Sri Gombak,Selangor",68100.0,Gombak,Selangor,RYB0939,3.240525,101.703319,Central,90037899,13890.0,1553.5,15443.5,Batu Caves
124,129.0,RYB0132,90037981.0,BATU 6 JALAN GOMBAK,LINA PETROSERVIS,CENTRAL 2,C08,Urban,Transient,"Lot 4680, Batu 6, Jalan Gombak, Selangor",53100.0,Gombak,Selangor,RYB0132,3.217755,101.713412,Central,90037981,11574.0,1023.0,12597.0,Batu Caves
125,130.0,RYW0507,90038001.0,JALAN SEGAMBUT,DAARUL IHSAN ENTERPRISE,CENTRAL 2,C08,Urban,Residential,"Lot 9524, Jalan Segambut, Segambut, Kuala Lumpur",52000.0,Wilayah Persekutuan Kuala Lumpur,W Persekutuan,RYW0507,3.186198,101.668939,Central,90038001,5689.5,1754.0,7443.5,Batu Caves
126,131.0,RYB0682,90047248.0,KEPONG INDUSTRIAL PARK,KIP ENERGY RESOURCES,CENTRAL 2,C08,Urban,Residential,"Lot 2838 Parcel 1 Kepong Industrial Park, Kepong,Selangor",52100.0,Gombak,Selangor,RYB0682,3.204126,101.607884,Central,90047248,9329.5,6953.5,16283.0,Bandar Sri Damansara
127,132.0,RYW0320,90047651.0,KEPONG INDAH,AL HIJJAZ PETROL STATION,CENTRAL 2,C08,Urban,Residential,"Lot 9614, Jalan 1/1A, Taman Kepong Indah",52100.0,Wilayah Persekutuan Kuala Lumpur,W Persekutuan,RYW0320,3.224688,101.639108,Central,90047651,5158.0,627.0,5785.0,Gombak
128,133.0,RYW0210,90039453.0,JINJANG,NAZS ENTERPRISE,CENTRAL 2,C08,Urban,Residential,"Lot 7489, Jalan Kepong, Jinjang Utara, Kuala Lumpur",52000.0,Wilayah Persekutuan Kuala Lumpur,W Persekutuan,RYW0210,3.209887,101.65704,Central,90039453,12099.0,1772.5,13871.5,Batu Caves
129,134.0,RYW0822,90039825.0,JALAN SENTUL,SENTUL JAYA ENTERPRISE,CENTRAL 2,C08,Urban,Transient,"Lot 788 GM 485, Jalan Sentul, Mukim Setapak, Kuala Lumpur",51100.0,Wilayah Persekutuan Kuala Lumpur,W Persekutuan,RYW0822,3.199228,101.690236,Central,90039825,8939.0,1716.0,10655.0,Batu Caves
130,135.0,RYW1116,90047387.0,MRR2 ARAH KEPONG,WAWASAN MULIA ENTERPRISE,CENTRAL 2,C08,Urban,Transient,"LOT PT 25747, MUKIM BATU, 52100, ",52100.0,Wilayah Persekutuan Kuala Lumpur,W Persekutuan,RYW1116,3.229403,101.655115,Central,90047387,9185.0,4265.0,13450.0,Gombak
131,136.0,RYW1122,90041111.0,JLN KUCHING,ANM TRADING ENTERPRISE,CENTRAL 2,C08,Urban,Residential,"Lot PT 26378, Jalan Kuching, Mukim Batu, Kuala Lumpur",51200.0,Wilayah Persekutuan Kuala Lumpur,W Persekutuan,RYW1122,3.187596,101.670399,Central,90041111,15050.0,3900.0,18950.0,Batu Caves
132,137.0,RYW1128,90041554.0,LOT 236 JALAN GOMBAK,SETAPAK MESRA ENTERPRISE,CENTRAL 2,C08,Urban,Transient,"Lot 236, GM 356, Mukim Setapak, Kuala Lumpur",53300.0,Wilayah Persekutuan Kuala Lumpur,W Persekutuan,RYW1128,3.200091,101.70399,Central,90041554,11081.0,1316.0,12397.0,Batu Caves
133,138.0,RYW1259,90044173.0,BATU 5 GOMBAK,MESRA IKHWAN RESOURC,CENTRAL 2,C08,Urban,Residential,"Lot 30217 PM906, Lot 30504 GM 2291, Batu 5 Jalan Gombak, Mukim Setapak, Kuala Lumpur",53000.0,Gombak,W Persekutuan,RYW1259,3.212697,101.708571,Central,90044173,9016.5,1315.0,10331.5,Batu Caves
134,139.0,RYB0360,90045961.0,"TAMAN DAYA, KEPONG",AL HUDA MESRA PETROL,CENTRAL 2,C08,Urban,Residential,"Lot 39684, Taman Daya, Kepong, Selangor",52100.0,Gombak,Selangor,RYB0360,3.223064,101.638484,Central,90045961,5563.5,955.0,6518.5,Gombak
135,141.0,RYB0087,90001836.0,TAMAN CEMPAKA,S/S CEMPAKA SARI ENTERPRISE,CENTRAL 2,C09,Urban,Residential,"Lot 1859, Taman Chempaka, Ampang, Selangor",68000.0,Gombak,Selangor,RYB0087,3.139792,101.751797,Central,90001836,9963.5,1365.0,11328.5,Ampang
136,142.0,RYB0340,90009802.0,JALAN 222,SERVIS STESYEN MAZAH,CENTRAL 2,C09,Urban,Residential,"Lot 1, Jalan 51A/227A, Petaling Jaya",46100.0,Petaling,Selangor,RYB0340,3.097025,101.631994,Central,90009802,12357.5,2864.5,15222.0,Puchong Jaya
137,143.0,RYB0012,90009825.0,TMN MEDAN,FARHAN ENTERPRISE,CENTRAL 2,C09,Urban,Residential,"Lot PT 3164, Jalan Medan II, Taman Medan",46000.0,Petaling,Selangor,RYB0012,3.074496,101.63734,Central,90009825,10884.5,2856.0,13740.5,Puchong Jaya
138,144.0,RYB0439,90016269.0,PANDAN INDAH,S/MINYAK PETRONAS PANDANINDAH,CENTRAL 2,C09,Urban,Residential,"Lot PT 18231, Jalan Pandan Indah 1/25, Pandan Indah, Selangor",68000.0,Ulu Langat,Selangor,RYB0439,3.130176,101.752217,Central,90016269,12243.5,1117.0,13360.5,Ampang
139,145.0,RYB0541,90018342.0,JALAN SELANGOR,STESEN MINYAK ZK,CENTRAL 2,C09,Urban,Residential,"LOT 15, Jalan Selangor, Petaling",46000.0,Petaling,Selangor,RYB0541,3.097949,101.647195,Central,90018342,9074.0,931.5,10005.5,Puchong Jaya
140,146.0,RYW0025,90030878.0,BATU 5 1/2 JLN CHERAS,ONES MART ENTERPRISE,CENTRAL 2,C09,Urban,Transient,"Lot 16032, Batu 5 1/2, Jalan Cheras, Kuala Lumpur",56100.0,Ulu Langat,W Persekutuan,RYW0025,3.096514,101.738177,Central,90030878,4556.5,863.5,5420.0,Cheras
141,147.0,RYW0312,90031350.0,JALAN KUARI,STESEN MINYAK ASSOBIRIN,CENTRAL 2,C09,Urban,Residential,"Lot 44498, Jalan Kuari Off Jalan Cheras Baru, Kuala Lumpur",56100.0,Ulu Langat,W Persekutuan,RYW0312,3.107801,101.750276,Central,90031350,8155.5,1772.5,9928.0,Cheras
142,148.0,RYB0595,90031587.0,TAMAN PERMAI JAYA,PERMAI HIJRAH SERVICE STATION,CENTRAL 2,C09,Urban,Residential,"Lot PT 32710, HSM 32875, Taman Permai Jaya, Ampang, Selangor",68000.0,Ulu Langat,Selangor,RYB0595,3.129763,101.77571,Central,90031587,20159.0,4100.0,24259.0,Ampang
143,149.0,RYW0291,90036126.0,TAMAN MALURI,STESEN MINYAK YZ,CENTRAL 2,C09,Urban,Residential,"Lot PT 128, Jalan Kg Pandan, Taman Maluri, Kuala Lumpur",54200.0,Wilayah Persekutuan Kuala Lumpur,W Persekutuan,RYW0291,3.142414,101.728049,Central,90036126,7536.0,1036.0,8572.0,Ampang
144,150.0,RYB0918,90037424.0,MRR2 AMPANG,SARZLAN VENTURE,CENTRAL 2,C09,Urban,Transient,"Lot PT 21, HS(D) 4976, Mukim Ampang, Selangor",43100.0,Ulu Langat,Selangor,RYB0918,3.141273,101.742583,Central,90037424,16663.5,2906.0,19569.5,Ampang
145,151.0,RYB1074,90039406.0,TMN DAGANG,KISFAPETRO TRADEPARK,CENTRAL 2,C09,Urban,Residential,"Lot 44706 (PT 12671 HS(d) 130125), Taman Dagang, Ampang, Selangor",68000.0,Gombak,Selangor,RYB1074,3.145305,101.755045,Central,90039406,17083.5,1532.0,18615.5,Ampang
146,152.0,RYW1139,90039407.0,COCHRANE PERKASA,DIA SENTIASA ENTERPRISE,CENTRAL 2,C09,Urban,Residential,"Lot 1246, Jalan Cochrane, Mukim Ampang, Kuala Lumpur",55100.0,Wilayah Persekutuan Kuala Lumpur,W Persekutuan,RYW1139,3.132615,101.727112,Central,90039407,8939.5,1287.0,10226.5,Cheras
147,153.0,RYB0454,90040088.0,PEKAN AMPANG,JELATEK SERVICE STATION,CENTRAL 2,C09,Urban,Residential,"Lot PT 27361, Pekan Ampang, Selangor",68000.0,Ulu Langat,Selangor,RYB0454,3.146305,101.763323,Central,90040088,9235.5,532.0,9767.5,Ampang
148,154.0,RYB0290,90040300.0,JALAN BUKIT BELACAN,STESEN ALSIRA,CENTRAL 2,C09,Urban,Residential,"Lot PT 476 - 484, Jln Bukit Belacan, Ampang, Selangor",68000.0,Ulu Langat,Selangor,RYB0290,3.148196,101.765159,Central,90040300,7758.0,945.5,8703.5,Ampang
149,155.0,RYW1023,90048256.0,KM 5.5 JALAN CHERAS,HISHIDA ENTERPRISE,CENTRAL 2,C09,Urban,Transient,"Lot 7424 HS(D) 11/375, KM 5.5, Jln Cheras (Kajang Bound), Kuala Lumpur",56000.0,Ulu Langat,W Persekutuan,RYW1023,3.10551,101.73226,Central,90048256,11162.5,1721.0,12883.5,Cheras
150,156.0,RYB0596,90041790.0,GASING INDAH,POTNAS MAJU ENTERPRISE,CENTRAL 2,C09,Urban,Residential,"Lot PT 13173 Jalan 5/46 Taman Gasing Indah, Petaling Jaya",46000.0,Petaling,Selangor,RYB0596,3.086883,101.663283,Central,90041790,5816.0,450.5,6266.5,Puchong Jaya
151,157.0,RYB0260,90046395.0,TAMAN PUTRA AMPANG,ARH DAGANG VENTURE,CENTRAL 2,C09,Urban,Residential,"Lot 25150, Taman Putra, Ampang, Selangor",68000.0,Gombak,Selangor,RYB0260,3.119151,101.76302,Central,90046395,9638.0,1533.0,11171.0,Ampang
152,158.0,RYW0159,90046459.0,JLN COCHRANE,DMHH VENTURES ,CENTRAL 2,C09,Urban,Residential,"No. 494, Jalan Tun Razak, Off Jalan Cochrane, Kuala Lumpur",50400.0,Ulu Langat,W Persekutuan,RYW0159,3.13474,101.71889,Central,90046459,4276.0,1297.0,5573.0,Cheras
153,159.0,RYW0042,90001821.0,BATU 8 JALAN IPOH,S/S ABU SAMAH,CENTRAL 2,C10,Urban,Transient,"Lot 6209, Batu 8, Jalan Ipoh, Batu Caves, Kuala Lumpur",68100.0,Gombak,W Persekutuan,RYW0042,3.243612,101.6632,Central,90001821,10450.0,4850.0,15300.0,Gombak
154,160.0,RYB0458,90016659.0,SELAYANG BY PASS,STESYEN SERVIS HASRAT MUDA,CENTRAL 2,C10,Urban,Residential,"Lot 20298, Mukim Batu, Selayang, Selangor",68100.0,Gombak,Selangor,RYB0458,3.241807,101.650455,Central,90016659,7200.0,1100.0,8300.0,Gombak
155,161.0,RYB0437,90017602.0,RAWANG RSA,BIG TREE TRADING,CENTRAL 2,C10,Highway,Interstate,"Kawasan Rehat & Rawat Rawang, Lebuhraya Utara - Selatan( Arah Utara), Selangor",48000.0,Gombak,Selangor,RYB0437,3.331399,101.55825,Central,90017602,18440.0,25496.5,43936.5,Rawang
156,162.0,RYB0463,90017655.0,RAWANG INDUSTRIAL PARK,ENJE SERVICES,CENTRAL 2,C10,Urban,Residential,"Lot 1253, Rawang Industrial Park, Rawang, Selangor",48000.0,Gombak,Selangor,RYB0463,3.310482,101.560348,Central,90017655,8083.5,4894.5,12978.0,Rawang
157,163.0,RYB0034,90018063.0,KUALA KUBU BAHRU,ABU SAMAH BIN BACHIK,CENTRAL 2,C10,Rural,Residential,"Batu 39, Jalan Gap, Kuala Kubu Baru, Selangor",44000.0,Ulu Selangor,Selangor,RYB0034,3.560329,101.651275,Central,90018063,5097.5,1043.0,6140.5,Kuala Kubu Baru
158,164.0,RYB0361,90030971.0,BATU 15 RAWANG,STESYEN SERVIS CARISTRA,CENTRAL 2,C10,Urban,Transient,"Lot 597-A, Batu 15, Taman Templer, Rawang, Selangor",48000.0,Gombak,Selangor,RYB0361,3.300928,101.602596,Central,90030971,7755.5,3570.5,11326.0,Rawang
159,165.0,RYB0606,90031859.0,SUNGAI CHOH,KB EZY ENTERPRISE,CENTRAL 2,C10,Urban,Transient,"LOT 3522 Sungai Choh, Mukim Serendah, Hulu Selangor, Selangor",48000.0,Ulu Selangor,Selangor,RYB0606,3.344782,101.587834,Central,90031859,7888.5,6708.5,14597.0,Serendah
160,166.0,RYB0787,90036657.0,TAMAN BERSATU,ZAHARIN EMAS ENTERPRISE,CENTRAL 2,C10,Urban,Residential,"Lot PT 10295 HS(M) 5549, Taman Bersatu, Batu 17 1/2, Jalan Rawang, Rawang, Selangor",48000.0,Gombak,Selangor,RYB0787,3.308827,101.583659,Central,90036657,12562.0,2165.5,14727.5,Rawang
161,167.0,RYB0434,90037358.0,SERENDAH,STESEN MINYAK MERIT EZY,CENTRAL 2,C10,Rural,Residential,"Lot 2059, Jalan Besar, Serendah, Selangor",48200.0,Ulu Selangor,Selangor,RYB0434,3.37439,101.614299,Central,90037358,6173.0,4260.5,10433.5,Serendah
162,168.0,RYB0113,90038067.0,SELAYANG BARU,STESYEN MINYAK JAFNI,CENTRAL 2,C10,Urban,Residential,"Lot 1051, Jalan Besar, Selayang Baru",68100.0,Gombak,Selangor,RYB0113,3.243386,101.667388,Central,90038067,8538.5,2122.5,10661.0,Gombak
163,169.0,RYB0424,90038076.0,R&R ULU BERNAM,AMZASS PETROPLUS SERVICES,CENTRAL 2,C10,Highway,Interstate,"KM 124, Kawasan Rehat & Rawat Lebuhraya Utara Selatan (PLUS) Arah Selatan, Ulu Bernam, Selangor",35800.0,Ulu Selangor,Selangor,RYB0424,3.663211,101.520589,Central,90038076,7653.0,12787.5,20440.5,Hulu Bernam
164,170.0,RYB0705,90038111.0,BANDAR BARU RAWANG,SAUJANA RAWANG ENTERPRISE,CENTRAL 2,C10,Urban,Residential,"Plot C Bandar Baru Rawang, Selangor",48300.0,Gombak,Selangor,RYB0705,3.325161,101.579077,Central,90038111,15486.0,4448.5,19934.5,Rawang
165,171.0,RYB0982,90038350.0,BUKIT BERUNTUNG,ACTGREEN SERVICE STATION,CENTRAL 2,C10,Urban,Residential,"Lot 10496, Bandar Bukit Beruntung, Mukim Serendah Ulu Selangor",48200.0,Ulu Selangor,Selangor,RYB0982,3.413401,101.55774,Central,90038350,17989.0,7802.5,25791.5,Bukit Beruntung
166,172.0,RYB0607,90041819.0,LOT 12953 RAWANG,PROFIX FLEET MARKETING,CENTRAL 2,C10,Urban,Residential,"Lot PT 11887 Batu 19 3/4 Jalan Rawang-Kundang, Rawang, Selangor",48000.0,Gombak,Selangor,RYB0607,3.311044,101.557513,Central,90041819,9815.5,8276.5,18092.0,Rawang
167,173.0,RYB0983,90042916.0,BANDAR TASEK PUTRI,STESEN MINYAK HIDAYAT IDRIS,CENTRAL 2,C10,Sub Urban,Residential,"Lot PT 31681, HSM 12849, Persiaran Tan Sri Low Yow Chuan, Bandar Tasik Puteri, Rawang, Selangor",48000.0,Gombak,Selangor,RYB0983,3.275662,101.474861,Central,90042916,22250.0,2750.0,25000.0,Kundang
168,174.0,RYB0147,90042990.0,BATANG KALI,ZAHARIN MUTIARA ENTERPRISE,CENTRAL 2,C10,Rural,Transient,"Lot 916, Bt 31, Pekan Batang Kali, Selangor",44300.0,Ulu Selangor,Selangor,RYB0147,3.465439,101.638458,Central,90042990,5080.5,3096.5,8177.0,Batang Kali
169,175.0,RYB0856,90045093.0,KM 33 JALAN RAWANG KUNDANG,SAUJANA KUNDANG ENTERPRISE,CENTRAL 2,C10,Rural,Residential,"PT 1560. No. HS(D) 54927, Jalan Sg Bakau, Jalan Rawang - Sg Bakau, Mukim Rawang,  Selangor",48000.0,Gombak,Selangor,RYB0856,3.310658,101.538973,Central,90045093,8100.0,4200.0,12300.0,Rawang
170,176.0,RYB0660,90046124.0,BATANG KALI 2,PETROMAXS SERVICES,CENTRAL 2,C10,Rural,Residential,"No 79 Jalan Meranti 1A,  Seksyen 3, Bandar Utama Batang Kali,  Hulu Selangor, Selangor",44300.0,Ulu Selangor,Selangor,RYB0660,3.463633,101.651916,Central,90046124,11149.5,1346.5,12496.0,Batang Kali
171,177.0,RYW1076,90047205.0,TAMAN WILAYAH,STESYEN WILAYAH GEMILANG,CENTRAL 2,C10,Urban,Residential,"LOT 55602 & 55603, JALAN 4/2B, TAMAN WILAYAH, SELAYANG, BATU CAVES",68100.0,Selangor,W Persekutuan,RYW1076,3.237141,101.660318,Central,90047205,8124.0,1976.0,10100.0,Gombak
172,178.0,RYB1258,90048100.0,DATARAN KUALA KUBU BHARU,DASBA ENTERPRISE ,CENTRAL 2,C10,Sub Urban,Transient,"PETRONAS Dataran Kuala Kubu Bharu, Jalan Kuala Kubu Bharu, 44000 Kuala Kubu Bharu, Selangor",44000.0,Kuala Kubu Bharu,Selangor,RYB1258,3.554139,101.643259,Central,90048100,,,0.0,Kuala Kubu Baru
173,179.0,RYB0076,90001823.0,AU2 TMN KERAMAT,KOPERASI K/T PETRONAS BHD,CENTRAL 2,C11,Urban,Residential,"Lot 2, Jalan AU 2A/16, Taman Keramat, Selangor",54200.0,Ulu Langat,Selangor,RYB0076,3.171495,101.75072,Central,90001823,12104.5,1543.5,13648.0,Ulu Klang
174,180.0,RYW0235,90002020.0,TMN SETIAWANGSA,MARZ AUTOSERVICES,CENTRAL 2,C11,Urban,Residential,"Lot 16794, Jalan Bukit Setiawangsa, Tmn Setiawangsa, Kuala Lumpur",54200.0,Wilayah Persekutuan Kuala Lumpur,W Persekutuan,RYW0235,3.178016,101.743258,Central,90002020,15287.0,759.5,16046.5,Ulu Klang
175,181.0,RYB0594,90032527.0,LOT 279 HULU KLANG,MR TWO SERVICES,CENTRAL 2,C11,Urban,Transient,"Lot 279, Bt 7 1/2, Jalan Hulu Kelang, Ampang, Selangor",68000.0,Ulu Langat,Selangor,RYB0594,3.201818,101.760844,Central,90032527,10402.0,2117.0,12519.0,Ulu Klang
176,182.0,RYW0335,90033579.0,TAMAN MELATI,CEMERLANG PETROSERVICE,CENTRAL 2,C11,Urban,Residential,"Lot PT 9094, Taman Melati, Kuala Lumpur",53000.0,Wilayah Persekutuan Kuala Lumpur,W Persekutuan,RYW0335,3.224856,101.729006,Central,90033579,13215.0,2172.5,15387.5,Kampung Sungai Pusu
177,183.0,RYB0718,90034392.0,JALAN JELATEK 2,WARISAN JELATEK ENTERPRISE,CENTRAL 2,C11,Urban,Residential,"Lot 883 Jalan Jelatek, Hulu Kelang, Selangor",54200.0,Gombak,Selangor,RYB0718,3.172482,101.734425,Central,90034392,12234.0,969.5,13203.5,Ulu Klang
178,184.0,RYB0840,90035438.0,JALAN KOLAM AYER,STESEN MINYAK BESTARI,CENTRAL 2,C11,Urban,Residential,"Lot 36904, Jalan Kolam Air Lama, Ampang, Selangor",68000.0,Gombak,Selangor,RYB0840,3.160072,101.754584,Central,90035438,16173.5,1214.5,17388.0,Ulu Klang
179,185.0,RYW0503,90036135.0,SETAPAK INDAH,SAHABAT MESRA ENTERISE,CENTRAL 2,C11,Urban,Residential,"Lot PT 2381, Jalan 1A/6, Taman Setapak Indah, Kuala Lumpur",53000.0,Wilayah Persekutuan Kuala Lumpur,W Persekutuan,RYW0503,3.209792,101.718286,Central,90036135,8000.0,400.0,8400.0,Batu Caves
180,186.0,RYB0675,90036385.0,BUKIT ANTARABANGSA,JAMALUDDIN NORDIN ENTERPRISE,CENTRAL 2,C11,Urban,Residential,"Lot PT 3429, Jalan Wangsa 2, Bukit Antarabangsa, Ampang,Selangor",68000.0,Gombak,Selangor,RYB0675,3.191901,101.770082,Central,90036385,14319.0,787.5,15106.5,Ulu Klang
181,187.0,RYB0847,90037599.0,HULU KLANG 2,WARITH IMAN ENTERPRISE,CENTRAL 2,C11,Urban,Transient,"Lot 911, GM No 222 MRR 11, Mukim Hulu Kelang, Ampang",68000.0,Gombak,Selangor,RYB0847,3.203335,101.758686,Central,90037599,14548.0,3158.5,17706.5,Ulu Klang
182,188.0,RYW0801,90037719.0,JALAN TUN RAZAK,ABINA RESOURCES,CENTRAL 2,C11,Urban,Transient,"Lot 25, CT 8901, Seksyen 87 Jalan Tun Razak, Kuala Lumpur",50400.0,Wilayah Persekutuan Kuala Lumpur,W Persekutuan,RYW0801,3.171668,101.70946,Central,90037719,13307.5,1525.5,14833.0,Ulu Klang
183,189.0,RYW0257,90038465.0,WANGSA MELAWATI,SMN PETROSERVICE,CENTRAL 2,C11,Urban,Residential,"Lot 20271 & 20272, Wangsa Melawati, Jalan Hulu Kelang, Kuala Lumpur",53300.0,Gombak,W Persekutuan,RYW0257,3.210662,101.743939,Central,90038465,10940.5,1592.5,12533.0,Ulu Klang
184,190.0,RYB0075,90047624.0,AU5 LEMBAH KERAMAT,MAM PETRO SERVICE ,CENTRAL 2,C11,Urban,Residential,"Lot 10, Jalan AU 5, Taman Lembah Keramat, Huku Kelang, Selangor",54200.0,Gombak,Selangor,RYB0075,3.200993,101.755217,Central,90047624,7286.5,302.0,7588.5,Ulu Klang
185,191.0,RYB0366,90040476.0,KLANG GATE,SJ TRADE,CENTRAL 2,C11,Urban,Transient,"Lot 5162, Jalan Genting Kelang, Batu 6, Kg. Klang Gate Baru, Ampang, Selangor",53300.0,Ulu Langat,Selangor,RYB0366,3.212243,101.74431,Central,90040476,3321.0,944.5,4265.5,Ulu Klang
186,192.0,RYW0976,90041010.0,SEK. 2 WANGSA MAJU,NADI IMAN ENTERPRISE,CENTRAL 2,C11,Sub Urban,Residential,"Lot 6318, 6319, 6320, 6323, 6324 & 6325, Jalan 2/27-A, Wangsa Maju, Mukim Setapak, Kuala Lumpur",63300.0,Wilayah Persekutuan Kuala Lumpur,W Persekutuan,RYW0976,3.19953,101.726396,Central,90041010,13469.5,2096.5,15566.0,Ulu Klang
187,193.0,RYW0604,90041247.0,JALAN GENTING KLANG,PETRONIAGA MESRA SERVICES,CENTRAL 2,C11,Urban,Residential,"Lot Pt 2686, Mukim Setapak, Jalan Genting Kelang, Kuala Lumpur",53300.0,Wilayah Persekutuan Kuala Lumpur,W Persekutuan,RYW0604,3.200605,101.719246,Central,90041247,6648.5,1033.0,7681.5,Ulu Klang
188,194.0,RYW0017,90046469.0,"LOT 59, JLN AMPANG",ZANRAI ENTERPRISE,CENTRAL 2,C11,Urban,Residential,"Lot 59, Batu 3, Jalan Ampang, Kuala Lumpur",50450.0,Wilayah Persekutuan Kuala Lumpur,W Persekutuan,RYW0017,3.160859,101.730019,Central,90046469,9423.5,652.0,10075.5,Ulu Klang
189,195.0,RYW0134,90046458.0,JALAN RU,RHU BARAKAH ENTERPRISE,CENTRAL 2,C11,Urban,Residential,"Lot 4295 & 4310, Jln Rhu, Off Jln Ampang, Kuala Lumpur",50450.0,Wilayah Persekutuan Kuala Lumpur,W Persekutuan,RYW0134,3.158963,101.745115,Central,90046458,8133.0,671.0,8804.0,Ulu Klang
190,196.0,RYW0849,90045935.0,SETAPAK ,ARNA JAYA RESOURCES,CENTRAL 2,C11,Urban,Residential,"Lot 8945 PN 111, Jalan Genting Klang, Setapak, Kuala Lumpur",53200.0,Wilayah Persekutuan Kuala Lumpur,W Persekutuan,RYW0849,3.19296,101.70954,Central,90045935,9221.5,813.0,10034.5,Batu Caves
191,197.0,RYB0753,90038823.0,R&R KINRARA,REM ENTERPRISE,CENTRAL 2,C11,Highway,Intrastate,"Km 46.6 Kawasan Rehat dan Rawat Kinrara, Lebuhraya KESAS, Selangor",58200.0,Petaling,Selangor,RYB0753,3.066682,101.65654,Central,90038823,7552.5,3743.5,11296.0,Puchong Jaya
192,198.0,RYW0755,90046903.0,R&R AWAN BESAR,RIZQ DAIM EMPIRE,CENTRAL 2,C11,Highway,Intrastate,"Km 47.2 Awan Besar Lebuhraya Kesas, Kuala Lumpur",58200.0,Petaling,W Persekutuan,RYW0755,3.065667,101.662865,Central,90046903,12000.0,4250.0,16250.0,Puchong Jaya
193,199.0,RYB0255,90014617.0,TAMAN TAMING JAYA,STESEN SERVIS USMAJAYA,CENTRAL 3,C13,Urban,Residential,"PT 12842, Taman Taming Jaya, Balakong, Selangor",43300.0,Ulu Langat,Selangor,RYB0255,3.025346,101.741514,Central,90014617,23293.0,6624.0,29917.0,Balakong
194,200.0,RYW0453,90016450.0,TAMAN TENAGA,TENAGA CEKAP ENTERPRISE,CENTRAL 3,C13,Urban,Residential,"Lot 3643, Batu 3 1/2 ,Taman Tenaga, Kuala Lumpur",52100.0,Ulu Langat,W Persekutuan,RYW0453,3.11417,101.723937,Central,90016450,10202.5,584.0,10786.5,Cheras
195,201.0,RYW0133,90018104.0,TAMAN SEGAR,DIWANIS ENTERPRISE,CENTRAL 3,C13,Urban,Residential,"Lot PT 39732, Taman Segar, Kuala Lumpur",56100.0,Ulu Langat,W Persekutuan,RYW0133,3.087238,101.74282,Central,90018104,11553.0,997.0,12550.0,Cheras
196,202.0,RYB0465,90018109.0,BALAKONG 2,MAZA INDAH ENTERPRISE,CENTRAL 3,C13,Urban,Residential,"Lot 7906, Jalan Balakong, Taman Sg. Besi Indah, Balakong, Selangor",43300.0,Ulu Langat,Selangor,RYB0465,3.027356,101.72344,Central,90018109,9897.5,3261.5,13159.0,Balakong
197,204.0,RYB0544,90018542.0,CHERAS PERDANA,ANFAL ENTERPRISE,CENTRAL 3,C13,Urban,Residential,"LOT 21854 (PT 16292) Taman Cheras Perdana, Cheras, Selangor",43200.0,Ulu Langat,Selangor,RYB0544,3.047514,101.768255,Central,90018542,10318.0,1284.0,11602.0,Bandar Tun Hussein Onn
198,205.0,RYW0620,90032125.0,ALAM DAMAI,STESEN SERVIS SRI DAMAI,CENTRAL 3,C13,Urban,Residential,"Lot 899 (SPPR Sungai Midah), Mukim Cheras, Kuala Lumpur",56000.0,Ulu Langat,W Persekutuan,RYW0620,3.070697,101.745252,Central,90032125,10514.0,1300.5,11814.5,Bandar Tun Hussein Onn
199,206.0,RYW0666,90032989.0,EAST WEST LINK,WAJAH SUTERA PETROSERVIS,CENTRAL 3,C13,Highway,Intrastate,"Lot PT 8060, L/raya Hubungan Timur Barat (Connaught H/way), Cheras, Kuala Lumpur",57100.0,Ulu Langat,W Persekutuan,RYW0666,3.091404,101.71112,Central,90032989,12954.0,3271.0,16225.0,Cheras
200,207.0,RYB0688,90033383.0,DAMAI PERDANA,ANJUNG ENOLILS,CENTRAL 3,C13,Urban,Residential,"Lot 1557 Bandar Baru Damai Perdana, Cheras, Selangor",43200.0,Ulu Langat,Selangor,RYB0688,3.053254,101.744082,Central,90033383,19736.0,2763.0,22499.0,Bandar Tun Hussein Onn
201,208.0,RYB0719,90033765.0,BUKIT NANDING,LE MYRA ENTERPRISE,CENTRAL 3,C13,Sub Urban,Residential,"Batu 121/2  Bukit Nanding, Hulu Langat, Selangor",43100.0,Ulu Langat,Selangor,RYB0719,3.0994,101.802345,Central,90033765,24565.5,7281.5,31847.0,Taman Sri Nanding
202,209.0,RYW0712,90033768.0,BDR SRI PERMAISURI,KK DAGANG ENTERPRISE,CENTRAL 3,C13,Urban,Residential,"Lot PT4282 Jalan 5/105  Bandar Sri Permaisuri, Kuala Lumpur",56100.0,Wilayah Persekutuan Kuala Lumpur,W Persekutuan,RYW0712,3.095683,101.71262,Central,90033768,12589.0,1915.0,14504.0,Cheras
203,210.0,RYB0942,90036728.0,TMN PUTERA BUDIMAN,TELAGA QAUSAR RESOURCES,CENTRAL 3,C13,Urban,Residential,"Lot PT 41658, HS(D) 53482, Taman Putera Budiman, Kajang, Selangor",43000.0,Ulu Langat,Selangor,RYB0942,3.009953,101.735717,Central,90036728,13926.5,15928.5,29855.0,Balakong
204,211.0,RYB1075,90038193.0,BANDAR MAHKOTA CHERAS,EMIZAF JAYA ENTERPRISE,CENTRAL 3,C13,Urban,Residential,"Lot 33121, Persiaran Mahkota 2, Bandar Mahkota Cheras,  Selangor",43200.0,Ulu Langat,Selangor,RYB1075,3.051146,101.786826,Central,90038193,14685.5,1796.5,16482.0,Bandar Tun Hussein Onn
205,212.0,RYB1056,90039485.0,TAMAN RAKAN,AL QADR ENTERPRISE,CENTRAL 3,C13,Urban,Residential,"PT 47809 HS(D) 125476 Bandar (Jalan) Sunagi Long (Taman Rakan), Mukim Cheras, Selangor",43100.0,Ulu Langat,Selangor,RYB1056,3.035868,101.784482,Central,90039485,14522.5,2010.5,16533.0,Bandar Tun Hussein Onn
206,213.0,RYW1099,90040648.0,BDR ALAM DAMAI,ZMN ALAM DAMAI ENTERPRISE,CENTRAL 3,C13,Sub Urban,Residential,"PT 9886 HS(D) 107859, Alam Damai, Cheras, Selangor",56000.0,Ulu Langat,Selangor,RYW1099,3.073595,101.738558,Central,90040648,6363.5,3929.0,10292.5,Bandar Tun Hussein Onn
207,214.0,RYB0701,90041661.0,BDR TUN HUSSEIN ONN  2,ARANNA ENTERPRISE,CENTRAL 3,C13,Urban,Residential,"Lot PT 25433 Mukim Cheras, Bandar Tun Hussein Onn, Cheras, Selangor",43200.0,Ulu Langat,Selangor,RYB0701,3.05498,101.758003,Central,90041661,15700.0,1000.0,16700.0,Bandar Tun Hussein Onn
208,215.0,RYB1178,90041864.0,PERSIARAN MAHKOTA CHERAS,SCS PRIMA ENTERPRISE,CENTRAL 3,C13,Sub Urban,Residential,"Lot 368 (Plot B), Bt. 10 1/2, Jln Cheras, Mukim Cheras, Selangor",43200.0,Ulu Langat,Selangor,RYB1178,3.052415,101.776233,Central,90041864,8201.0,1512.5,9713.5,Bandar Tun Hussein Onn
209,216.0,RYW0528,90042755.0,TAMAN LEN SEN,BABA NYONYA SERVICES,CENTRAL 3,C13,Urban,Residential,"Lot 19783-19785, Jalan Len Seng, Off Jalan Cheras, Kuala Lumpur",56000.0,Ulu Langat,W Persekutuan,RYW0528,3.074276,101.745406,Central,90042755,1076.5,879.0,1955.5,Bandar Tun Hussein Onn
210,217.0,RYB0663,90043797.0,BDR TUN HUSSEIN ONN 1,AKNH KAMALIA ENTERPRISE,CENTRAL 3,C13,Urban,Residential,"Lot PT 19298 Mukim Cheras, Bandar Tun Hussein Onn, Cheras, Selangor",43200.0,Ulu Langat,Selangor,RYB0663,3.049278,101.762738,Central,90043797,8291.0,706.5,8997.5,Bandar Tun Hussein Onn
211,218.0,RYW0510,90044606.0,LOT 353 CHERAS,CAHAYA ILHAM PETRO,CENTRAL 3,C13,Urban,Transient,"Lot 353, Batu 3, Jalan Cheras, Kuala Lumpur",56100.0,Ulu Langat,W Persekutuan,RYW0510,3.121586,101.72882,Central,90044606,7000.0,650.0,7650.0,Cheras
212,219.0,RYW1175,90046176.0,SALAK JAYA SB,SJ TRADE BERKAT,CENTRAL 3,C13,Highway,Transient,"KM 13.8, Lebuh Raya Sungai Besi (Arah Selatan), Kuala Lumpur",57100.0,Wilayah Persekutuan Kuala Lumpur,W Persekutuan,RYW1175,3.09072,101.70076,Central,90046176,9787.5,3175.5,12963.0,Cheras
213,220.0,RYW1138,90046857.0,NGV BANDAR TUN RAZAK,GRAND MILLION EMPIRE,CENTRAL 3,C13,Urban,Transient,"Lot PT 522, Jalan Batu Kong, Bandar Tun Razak, Kuala Lumpur",57100.0,Wilayah Persekutuan Kuala Lumpur,W Persekutuan,RYW1138,3.077445,101.713972,Central,90046857,2281.5,246.5,2528.0,Cheras
214,221.0,RYB0029,90047838.0,UNIKEB 1,HBY ENTERPRISE,CENTRAL 3,C14,Urban,Residential,"Lot 8761, Jalan 1/1 Persimpangan 1/3 Bandar Baru Bangi, Selangor",43650.0,Ulu Langat,Selangor,RYB0029,2.957315,101.779224,Central,90047838,3920.0,332.0,4252.0,Bandar Baru Klang
215,222.0,RYB0259,90001931.0,SUNGAI MERAB,STESYEN MINYAK AZRAF,CENTRAL 3,C14,Sub Urban,Residential,"Lot 5088, Jln Sungai Merab Luar, Kajang, Selangor",43000.0,Ulu Langat,Selangor,RYB0259,2.942888,101.7401,Central,90001931,17843.5,2653.5,20497.0,Bandar Baru Bangi
216,223.0,RYB0539,90018433.0,UNIKEB 2,KOPERASI UNIKEB BERHAD,CENTRAL 3,C14,Urban,Residential,"Lot 7 & 9 Jalan 4/1 Seksyen 4, Bandar Baru Bangi, Selangor",43650.0,Ulu Langat,Selangor,RYB0539,2.942435,101.768423,Central,90018433,9772.5,614.5,10387.0,Bandar Baru Bangi
217,224.0,RYB0649,90032560.0,SEC 15 BDR BARU BANGI,CITIONE CONVENIENCE STORE,CENTRAL 3,C14,Urban,Residential,"Seksyen 15 Bandar Baru Bangi, Selangor",43000.0,Ulu Langat,Selangor,RYB0649,2.93433,101.768356,Central,90032560,19458.0,2554.0,22012.0,Bangi
218,225.0,RYB0651,90032619.0,SILK HIGHWAY,KOPERASI LLM BERHAD,CENTRAL 3,C14,Highway,Intrastate,"Kawasan Hentian Sebelah L/raya Sungai Ramal,  L/raya Lingkaran Kajang, Selangor",43000.0,Ulu Langat,Selangor,RYB0651,2.98097,101.743824,Central,90032619,23735.5,7794.5,31530.0,Country Heights
219,226.0,RYW0720,90033722.0,PUTRAJAYA PRECINT 11,AZZKA PETRO ENTERPRISE,CENTRAL 3,C14,Urban,Residential,"Lot PT 3354, Precint 11, Putrajaya",62300.0,Wilayah Persekutuan Putrajaya,W Putrajaya,RYW0720,2.956912,101.684291,Central,90033722,17030.0,1845.0,18875.0,Cyberjaya
220,227.0,RYW0727,90033725.0,PUTRAJAYA PRECINT 9D,IDZWAN PETROSERVICE,CENTRAL 3,C14,Urban,Residential,"Lot PT 836, Precint 9, Putrajaya",62250.0,Wilayah Persekutuan Putrajaya,W Putrajaya,RYW0727,2.940499,101.673494,Central,90033725,19398.5,2696.5,22095.0,Cyberjaya
221,228.0,RYW0770,90034067.0,PUTRAJAYA PRECINT 16,NMN ENTERPRISE,CENTRAL 3,C14,Urban,Residential,"Lot PT 2495, Jalan P16, Precint 16, Putrajaya",62150.0,Wilayah Persekutuan Putrajaya,W Putrajaya,RYW0770,2.933708,101.707746,Central,90034067,26826.5,2025.0,28851.5,Cyberjaya
222,229.0,RYB0788,90034238.0,SEKSYEN 3 BANGI,BYHATIE UTAMA,CENTRAL 3,C14,Urban,Residential,"Lot PS 1, Jalan 3/1 Seksyen 3, Bandar Baru Bangi, Selangor",43650.0,Ulu Langat,Selangor,RYB0788,2.938879,101.775409,Central,90034238,18460.5,1611.0,20071.5,Bangi
223,230.0,RYB0732,90035660.0,CYBERJAYA,ARAFOIL RESOURSE,CENTRAL 3,C14,Urban,Residential,"Lot PT 12099 HS (D) 7085, Site 1A, Cyberjaya, Selangor",63000.0,Sepang,Selangor,RYB0732,2.918804,101.659257,Central,90035660,24508.0,1769.0,26277.0,Cyberjaya
224,231.0,RYB0940,90036715.0,SEKSYEN 9 BANGI,PERMATA BANGI ENTERPRISE,CENTRAL 3,C14,Urban,Residential,"Lot PT 55687 HS(D) 81796, Jln Persiaran Kemajuan, Seksyen 9 Bdr Baru Bangi, Selangor",43650.0,Ulu Langat,Selangor,RYB0940,2.960917,101.751109,Central,90036715,12107.0,1896.5,14003.5,Bandar Baru Bangi
225,232.0,RYB0851,90037825.0,JALAN REKO 2,KAS ENTERPRISE,CENTRAL 3,C14,Urban,Transient,"GM 45, Lot 783, Batu 17 Jalan Reko, Mukim Kajang, Hulu Langat, Selangor",43000.0,Ulu Langat,Selangor,RYB0851,2.969029,101.789118,Central,90037825,15344.5,3889.5,19234.0,Bandar Baru Klang
226,233.0,RYB1109,90038862.0,PUCHONG GATEWAY,REZEKI NAIM ENTERPRISE,CENTRAL 3,C14,Highway,Intrastate,"Lot PT 48733, Mukim Petaling (LDP Puchong Gateway), Selangor",47100.0,Petaling,Selangor,RYB1109,2.982077,101.649335,Central,90038862,13448.0,4581.5,18029.5,Puchong Perdana
227,234.0,RYB1100,90039375.0,SKVE,VISI TUAH ENTERPRISE,CENTRAL 3,C14,Highway,Intrastate,"HSM No. 12810, PT No. 20188, Air Hitam Puchong, Dengkil, Selangor",43300.0,Sepang,Selangor,RYB1100,2.97334,101.674504,Central,90039375,23160.5,8704.5,31865.0,Cyberjaya
228,235.0,RYB0997,90039444.0,SEKSYEN 7 BANGI,BANGI TUJUH ENTERPRISE,CENTRAL 3,C14,Urban,Residential,"PT 61591 HS(D) 109493 Seksyen 7, Bandar Baru Bangi, Selangor",43650.0,Ulu Langat,Selangor,RYB0997,2.968748,101.773651,Central,90039444,17798.0,2438.5,20236.5,Bandar Baru Klang
229,236.0,RYB0996,90040246.0,SEK 16 BDR BARU BANGI,WANIMAS ENTERPRISE,CENTRAL 3,C14,Urban,Residential,"Lot PT 71313 HSD 140427, Seksyen 16, Bandar Baru Bangi, Selangor",43100.0,Ulu Langat,Selangor,RYB0996,2.943948,101.765163,Central,90040246,7747.5,768.0,8515.5,Bandar Baru Bangi
230,237.0,RYW1130,90040750.0,PRESINT 18 PUTRAJAYA,FADHLYN ENTERPRISE,CENTRAL 3,C14,Urban,Residential,"Lot PT 12850 HS(D) 8220 Precint 18, Putrajaya",62100.0,Wilayah Persekutuan Putrajaya,W Putrajaya,RYW1130,2.920361,101.694932,Central,90040750,14877.5,1489.5,16367.0,Cyberjaya
231,238.0,RYB0860,90041059.0,PERSIARAN APEC,IMS APEC STATION,CENTRAL 3,C14,Urban,Transient,"Lot PT 29771 HS(D) 17393, Persiaran APEC, Cyber 3, Mukim Dengkil, Selangor",63000.0,Sepang,Selangor,RYB0860,2.936029,101.661171,Central,90041059,21170.0,3952.0,25122.0,Cyberjaya
232,239.0,RYB1242,90041882.0,PUTRA PERDANA,MAWADDAH BAA ENTERPRISE,CENTRAL 3,C14,Sub Urban,Residential,"Lot PT 46710, Bandar Putra, Mukim Dengkil, Selangor",47100.0,Sepang,Selangor,RYB1242,2.95874,101.61725,Central,90041882,18305.5,4706.0,23011.5,Bandar Saujana Putra
233,240.0,RYB0747,90043536.0,PERSIARAN JAYA ,NLR PRIMA MARKETING & SERVICES,CENTRAL 3,C14,Urban,Transient,"Lot PT 28768 HS(M) 21664, Bandar Baru Bangi Industrial Zon 1, Sungai Ramal Dalam",43000.0,Ulu Langat,Selangor,RYB0747,2.972664,101.750223,Central,90043536,5434.0,1017.0,6451.0,Bandar Baru Bangi
234,241.0,RYW0398,90046599.0,PUTRAJAYA 1,RIZQYI ADN ENTERPRISE,CENTRAL 3,C14,Urban,Residential,"LOT PT 1442 HSC(M) Mukim Dengkil Precint 9, Putrajaya",62250.0,Wilayah Persekutuan Putrajaya,W Putrajaya,RYW0398,2.936222,101.673317,Central,90046599,17613.5,1121.0,18734.5,Cyberjaya
235,242.0,RYB1182,90046951.0,SILK HIGHWAY 2,RRAZ SYNERGY VENTURES,CENTRAL 3,C14,Urban,Highway ,"Lot 44116, KM 26.8, Lebuhraya Silk (Arah Kajang), ",43300.0,Ulu Langat,Selangor,RYB1182,2.981698,101.741374,Central,90046951,25319.5,5437.5,30757.0,Country Heights
236,243.0,RYB0189,90001870.0,DENGKIL,S/S PTBH PLDG K.DENGKIL,CENTRAL 3,C15,Urban,Residential,"Lot 270, Jalan Air Hitam, Dengkil, Selangor",43800.0,Sepang,Selangor,RYB0189,2.86108,101.678249,Central,90001870,18124.0,6216.5,24340.5,Dengkil
237,244.0,RYB0293,90001941.0,BANTING,KORIAH  SUDAR,CENTRAL 3,C15,Urban,Residential,"Lot 2883, Jalan Morib, Banting",42700.0,Kuala Langat,Selangor,RYB0293,2.801152,101.492859,Central,90001941,9653.5,1649.5,11303.0,Banting
238,245.0,RYB0554,90018632.0,OLAK LEMPIK,SYARIKAT DAYA INSAN,CENTRAL 3,C15,Sub Urban,Transient,"LOT PT 4024 HSM 5694 MK Tanjung 12, Olak Lempit, Banting",42700.0,Kuala Langat,Selangor,RYB0554,2.833045,101.606968,Central,90018632,8738.0,6319.5,15057.5,Dengkil
239,246.0,RYB0837,90034754.0,KANCHONG DARAT,WAWASAN KD ENTERPRISE,CENTRAL 3,C15,Urban,Residential,"Lot 1145 HS(M) 2053, Km 2 Jalan Banting-Morib, Mukim Klanang, Banting, Selangor",42700.0,Kuala Langat,Selangor,RYB0837,2.790671,101.485914,Central,90034754,15114.0,3584.5,18698.5,Banting
240,247.0,RYN0173,90037488.0,SEREMBAN ARAH SELATAN,GASING MEWAH ENTERPRISE,CENTRAL 3,C15,Highway,Interstate,"Km 274.4 Lebuhraya Kuala Lumpur - Seremban, Peti Surat 48, Seremban, Negeri Sembilan",70700.0,Seremban,Negeri 9,RYN0173,2.763575,101.831276,Central,90037488,14862.0,27777.0,42639.0,Salak Tinggi
241,248.0,RYB0146,90039658.0,TANJUNG SEPAT,N S BOLEH ENTERPRISE,CENTRAL 3,C15,Rural,Residential,"Lot 436, Jln Besar, Tanjung Sepat",42800.0,Kuala Langat,Selangor,RYB0146,2.661662,101.562359,Central,90039658,6763.5,2804.5,9568.0,Tanjung Sepat
242,251.0,RYB0500,90041295.0,KLIA 1,EXQ RESOURCES,CENTRAL 3,C15,Highway,Intrastate,"Lot PT 3906, Jalan Terminal, KLIA, Sepang, Selangor",64000.0,Sepang,Selangor,RYB0500,2.764877,101.683411,Central,90041295,7240.0,1922.0,9162.0,KLIA
243,252.0,RYN1230,90041951.0,KUARTERS KLIA,HASMY DIVERSIFIED,CENTRAL 3,C15,Sub Urban,Transient,"Lot 20861, Geran 122012, Bandar Baru Kota Sri Mas, Nilai, Negeri Sembilan",71800.0,Seremban,Negeri 9,RYN1230,2.770091,101.763992,Central,90041951,23654.0,2453.5,26107.5,Salak Tinggi
244,256.0,RYB0305,90044082.0,JENJARUM ,JMZ SEMANTAN ENTERPRISE,CENTRAL 3,C15,Urban,Transient,"Lot 2465, Kg Sungai Rambai, Jenjarum",42600.0,Kuala Langat,Selangor,RYB0305,2.885099,101.492064,Central,90044082,9462.0,9527.5,18989.5,Teluk Panglima Garang
245,257.0,RYB1199,90044172.0,OLAK LEMPIT (ARAH DENGKIL),DANISH DHANIA PETROL STATION,CENTRAL 3,C15,Sub Urban,Transient,"GM 1149 Lot 1988, Mukim Tanjung 12, Kuala Langat, Selangor",42700.0,Kuala Langat,Negeri 9,RYB1199,2.836984,101.582954,Central,90044172,9259.5,7272.5,16532.0,Teluk Datok
246,258.0,RYB1039,90044174.0,BANDAR BARU SALAK TINGGI,BUKIT QURNIA ENTERPRISE,CENTRAL 3,C15,Urban,Transient,"Lot PT 10621, HS(D) 4429, Taman Bunga Raya, Bandar Baru Salak Tinggi, Selangor",43900.0,Sepang,Selangor,RYB1039,2.806282,101.716322,Central,90044174,14500.0,4500.0,19000.0,Salak Tinggi
247,259.0,RYB0529,90044669.0,ELITE HIGHWAY,RAZAKID ELITE ENTERPRISE,CENTRAL 3,C15,Highway,Intrastate,"CH 22600,Kawasan Rehat & Rawat Dengkil,L/Raya Utara-Selatan, Hubungan Tengah, Dengkil, Selangor",43800.0,Sepang,Selangor,RYB0529,2.910696,101.609228,Central,90044669,8740.0,8542.5,17282.5,Cyberjaya
248,260.0,RYB0508,90045978.0,PEKAN SALAK,STRONGWELL RESOURCES,CENTRAL 3,C15,Urban,Residential,"Lot 37-40, Jalan Besar, Pekan Salak, Selangor",43900.0,Sepang,Selangor,RYB0508,2.783475,101.750701,Central,90045978,10131.0,2681.0,12812.0,Salak Tinggi
249,261.0,RYB0745,90046078.0,BUKIT CHANGGANG,DFF PRIMA ENTERPRISE,CENTRAL 3,C15,Sub Urban,Residential,"No. PT 14588, Taman D'Menara, Bukit Changgang, Banting, Selangor",42700.0,Kuala Langat,Selangor,RYB0745,2.815126,101.640473,Central,90046078,12415.0,3442.0,15857.0,Dengkil
250,262.0,RYB0236,90047177.0,SG MANGGIS,BERKAT PERKASA RESOURCES,CENTRAL 3,C15,Urban,Transient,"Lot PT 4515, Jalan Sungai Manggis, Banting",42700.0,Kuala Langat,Selangor,RYB0236,2.827727,101.529936,Central,90047177,8922.0,3300.0,12222.0,Teluk Datok
251,263.0,RYB0199,90046896.0,PEKAN SEMENYIH ,MS PETRO TRADING,CENTRAL 3,C16,Urban,Residential,"Lot PT 1457 HS (D) 10683, Pekan Semenyih, Hulu Langat Semenyih 43500 Selangor",43500.0,Ulu Langat,Selangor,RYB0199,2.945054,101.848058,Central,90046896,13466.0,3540.0,17006.0,Semenyih
252,264.0,RYB0351,90031772.0,BATU 1 JALAN SEMENYIH,S & S SERVICE & SUPPLIERS,CENTRAL 3,C16,Urban,Transient,"Lot 22521, Bt 1, Jln Semenyih, Kajang, Selangor",43000.0,Ulu Langat,Selangor,RYB0351,2.991407,101.796472,Central,90031772,13271.0,1990.5,15261.5,Kajang
253,265.0,RYB0608,90031955.0,GRAND SAGA,GRAND SAGA PETROL STATION,CENTRAL 3,C16,Highway,Intrastate,"Lot 219 Lebuhraya Cheras Kajang, Cheras, Selangor",43200.0,Ulu Langat,Selangor,RYB0608,3.062843,101.771159,Central,90031955,16025.5,3424.5,19450.0,Bandar Tun Hussein Onn
254,267.0,RYB0670,90032997.0,GRAND SAGA 2,DE WINNER SERVICE STATION,CENTRAL 3,C16,Highway,Intrastate,"Lot H.S(M) 21178 PT 41316 Mukim Kajang, Daerah Hulu Langat, Kajang, Selangor",43000.0,Ulu Langat,Selangor,RYB0670,3.011082,101.77462,Central,90032997,19149.5,13150.5,32300.0,Kajang
255,268.0,RYB0686,90033406.0,GRAND SAGA 3,GRANDQUEST SUPERSTATION,CENTRAL 3,C16,Highway,Intrastate,"Lot 432 Lebuhraya Grand Saga (Kajang Bound), Kajang, Selangor",43000.0,Ulu Langat,Selangor,RYB0686,3.025585,101.772001,Central,90033406,16677.5,3764.0,20441.5,Bandar Tun Hussein Onn
256,269.0,RYB0771,90034750.0,PRIMA SAUJANA 2,PERMATA SAUJANA ENTERPRISE,CENTRAL 3,C16,Urban,Transient,"Lot 17892 Sublot A, Taman Prima Saujana, Kajang, Selangor",43000.0,Ulu Langat,Selangor,RYB0771,3.008018,101.80363,Central,90034750,17234.0,2603.0,19837.0,Kajang
257,270.0,RYB0855,90038517.0,JALAN SEMENYIH,VND PREMIER ENTERPRISE,CENTRAL 3,C16,Urban,Transient,"Lot PT 1536 HS (D) 55329, Jalan Semenyih, Mukim Semenyih, Selangor",43000.0,Ulu Langat,Selangor,RYB0855,2.963359,101.837138,Central,90038517,20611.0,7284.5,27895.5,Semenyih
258,271.0,RYB1101,90039450.0,TMN PELANGI SEMENYIH,SATRIA SINAR ENTERPRISE,CENTRAL 3,C16,Urban,Residential,"Lot 26796 Pelangi Semenyih, Mukim Semenyih, Selangor",43500.0,Ulu Langat,Selangor,RYB1101,2.928477,101.857339,Central,90039450,32373.0,5446.5,37819.5,Semenyih
259,272.0,RYN1209,90041457.0,NILAI IMPIAN,MAFFASWIQ ENTERPRISE,CENTRAL 3,C16,Sub Urban,Residential,"Lot 1227, Jalan Mutiara, Nilai Impian, Nilai, Negeri Sembilan",71800.0,Seremban,Negeri 9,RYN1209,2.8448,101.814466,Central,90041457,11377.0,8432.5,19809.5,Beranang
260,275.0,RYB0769,90043960.0,PRIMA SAUJANA 1,EMPAYAR PRIMA ENTERPRISE,CENTRAL 3,C16,Urban,Transient,"Sublot D, Prima Saujana, Mukim Kajang, Selangor",43000.0,Ulu Langat,Selangor,RYB0769,3.007178,101.802948,Central,90043960,14914.5,3874.5,18789.0,Kajang
261,276.0,RYN0470,90044218.0,PEKAN NILAI,JAMONEY ENTERPRISE,CENTRAL 3,C16,Urban,Residential,"Lot 5945, Pekan Nilai, Negeri Sembilan",71800.0,Seremban,Negeri 9,RYN0470,2.805013,101.80046,Central,90044218,3532.0,916.5,4448.5,Salak Tinggi
262,277.0,RYB0941,90045102.0,BANDAR SERI PUTRA,ALFATEH SERVICE STATION,CENTRAL 3,C16,Urban,Residential,"Lot PT 39138, Bandar Seri Putra, Mukim Kajang, Selangor",43000.0,Ulu Langat,Selangor,RYB0941,2.887336,101.793352,Central,90045102,30114.0,3851.5,33965.5,Bangi
263,278.0,RYN1302,90047093.0,PAJAM, S3 ENERGY SDN BHD,CENTRAL 3,C16,Urban,Residential,"No.3, Pusat Perniagaan D'Galla, Jalan Nilai - Pajam,",71800.0,Seremban,Negeri 9,RYN1302,2.842665,101.828567,Central,90047093,9774.0,4163.5,13937.5,Beranang
264,279.0,RYB0396,90001879.0,UPM SERDANG ,KOPERASI UNIVERSITI PUTRA MALAYSIA,CENTRAL 3,C17,Urban,Residential,"Lot 6306, Jalan Besar, Mukim Dengkil, Serdang",43400.0,Petaling,Selangor,RYB0396,3.011001,101.72095,Central,90001879,9188.0,870.0,10058.0,Serdang
265,280.0,RYW0505,90017484.0,TECHNOLOGY PARK MALAYSIA,TECHNOLOGY PARK MALAYSIA CORP.,CENTRAL 3,C17,Urban,Transient,"Lot PT 4783 & 3064,  Lebuhraya Seremban - Kuala Lumpur, Bukit Jalil, Kuala Lumpur",57000.0,Wilayah Persekutuan Kuala Lumpur,W Persekutuan,RYW0505,3.056497,101.704491,Central,90017484,17972.5,6300.5,24273.0,Serdang
266,281.0,RYB0586,90031344.0,BANDAR KINRARA,STESEN MINYAK ZAZ,CENTRAL 3,C17,Urban,Residential,"Lot 37331 Jalan Kinrara 5, Seksyen 5 Bandar Kinrara, Puchong",47100.0,Petaling,Selangor,RYB0586,3.046302,101.642065,Central,90031344,10461.5,1036.5,11498.0,Puchong Jaya
267,282.0,RYW0646,90032557.0,BUKIT JALIL,TECHNOLOGY PARK MALAYSIA,CENTRAL 3,C17,Urban,Transient,"Lot PT 7004 H.S.(D) 95960 Mukim Petaling, Bukit Jalil, Kuala Lumpur",57000.0,Petaling,W Persekutuan,RYW0646,3.04886,101.679609,Central,90032557,11086.0,1763.0,12849.0,Serdang
268,283.0,RYB0647,90032586.0,TAMAN EQUINE,KEJAYAAN TEGUH ENTERPRISE,CENTRAL 3,C17,Urban,Residential,"Lot 53391 PN 7404 Taman Equine,  Mukim Petaling,  Selangor",43300.0,Petaling,Selangor,RYB0647,2.994429,101.6759,Central,90032586,31257.0,4739.5,35996.5,Serdang
269,284.0,RYB0696,90033831.0,PUCHONG PRIMA,MERALI ENTERPRISE,CENTRAL 3,C17,Urban,Residential,"Lot PT 1161, HS (D) 135350 Puchong Perdana, Puchong, Selangor",47100.0,Petaling,Selangor,RYB0696,3.001416,101.596476,Central,90033831,18942.0,2492.0,21434.0,Puchong Perdana
270,285.0,RYB0702,90034054.0,SG BESI - PUCHONG BY PASS,PILIHAN MESRA ENTERPRISE,CENTRAL 3,C17,Urban,Transient,"Lot Pt 17732 - 17740 Sungai Besi -Puchong Bypass (kinrara) Mukim Petaling, Puchong, Selangor",47100.0,Petaling,Selangor,RYB0702,3.05014,101.628809,Central,90034054,13743.0,2303.5,16046.5,Puchong Jaya
271,287.0,RYB0853,90035505.0,TAMAN MERANTI JAYA,STESYEN MINYAK MERANTI JAYA,CENTRAL 3,C17,Urban,Residential,"Lot 13985, Taman Meranti Jaya, Puchong, Selangor",47100.0,Petaling,Selangor,RYB0853,2.978778,101.612954,Central,90035505,25773.0,5227.0,31000.0,Puchong Perdana
272,288.0,RYB0975,90036711.0,LDP PUCHONG UTAMA,MOLIZA ENTERPRISE,CENTRAL 3,C17,Urban,Residential,"Lot 30476 HS(D) 93764, Mukim & Daerah Petaling, Lebuhraya Damansara-Puchong (Hillcrest), Petaling, Selangor",47100.0,Petaling,Selangor,RYB0975,2.999106,101.611782,Central,90036711,18947.0,6043.5,24990.5,Puchong Perdana
273,289.0,RYB0967,90036725.0,BANDAR KINRARA 2,MASNADI ENTERPRISE,CENTRAL 3,C17,Urban,Residential,"Lot 4054, Phase 5A, Jalan Kinrara 6, Bandar Kinrara, Puchong, Selangor",47100.0,Petaling,Selangor,RYB0967,3.036698,101.654736,Central,90036725,10572.0,1527.0,12099.0,Puchong Jaya
274,290.0,RYB0416,90038901.0,SRI KEMBANGAN,BE STATION,CENTRAL 3,C17,Urban,Residential,"Lot 3464, Jalan Raya 2, Bandar Baru Sri Kembangan, Selangor",43300.0,Petaling,Selangor,RYB0416,3.019962,101.713495,Central,90038901,6330.5,1682.5,8013.0,Serdang
275,291.0,RYB1058,90039232.0,LEBUH PUTERI,MICKEY PUCHONG PETROL STATION,CENTRAL 3,C17,Urban,Residential,"Lot 5471 & 5473, Lebuh Puteri, Bandar Puteri Puchong, Selangor",47100.0,Petaling,Selangor,RYB1058,3.013576,101.621824,Central,90039232,25764.0,4508.5,30272.5,Puchong Perdana
276,292.0,RYB0397,90039286.0,BT. 14 PUCHONG,PSS PILIHAN UTAMA ENTERPRISE,CENTRAL 3,C17,Urban,Transient,"Lot 6972, Kg Baru, Bt 14 Jalan Puchong, Puchong",47100.0,Petaling,Selangor,RYB0397,2.988889,101.622694,Central,90039286,20883.5,5173.5,26057.0,Puchong Perdana
277,293.0,RYB0992,90039751.0,BANDAR PUNCAK JALIL,LEGASI PUNCAK,CENTRAL 3,C17,Urban,Residential,"Lot 60226 HS (D) 201977, Mukim Petaling, Bandar Puncak Jalil, Selangor",57000.0,Petaling,Selangor,RYB0992,3.027066,101.679853,Central,90039751,19543.5,2053.5,21597.0,Serdang
278,294.0,RYB0761,90040791.0,SAUJANA PUCHONG,SMART SERVICE STATION,CENTRAL 3,C17,Urban,Residential,"Lot PT 16928 HSD 61959 Taman Saujana Puchong, Puchong, Selangor",47100.0,Petaling,Selangor,RYB0761,2.9926,101.640463,Central,90040791,10643.0,1394.5,12037.5,Puchong Perdana
279,295.0,RYB1119,90041079.0,SOLARIS SERDANG,BESJAYA ENTERPRISE,CENTRAL 3,C17,Highway,Intrastate,"KM 0.7, Lebuhraya Sg. Besi, Seri Kembangan, Selangor",43300.0,Petaling,Selangor,RYB1119,3.005595,101.726045,Central,90041079,15144.0,6006.0,21150.0,Country Heights
280,296.0,RYB1044,90041100.0,SOLARIS PUTRA,ZEENUN ENTERPRISE,CENTRAL 3,C17,Highway,Interstate,"PGS KM 305, PLUS Arah Selatan, Lot 896, GRN 46223, Mukim Kajang, Selangor",43650.0,Ulu Langat,Selangor,RYB1044,3.00585,101.725133,Central,90041100,18737.5,9117.0,27854.5,Country Heights
281,297.0,RYB0389,90041530.0,PUCHONG JAYA,RIZQ PETRO SERVICES,CENTRAL 3,C17,Urban,Residential,"Lot 9428 Bandar Puchong Jaya, Puchong",47100.0,Petaling,Selangor,RYB0389,3.05312,101.623625,Central,90041530,8724.5,1257.0,9981.5,Puchong Jaya
282,298.0,RYB1040,90047944.0,ALAM SUTERA,KOPERASI KAKITANGAN PETRONAS BERHAD (KOPETRO) ,CENTRAL 3,C17,Urban,Transient,"Lot PT 4550, Lebuhraya Bukit Jalil, Bandar Kinrara, Puchong, Selangor",47100.0,Petaling,Selangor,RYB1040,3.05245,101.65231,Central,90047944,3329.0,653.0,3982.0,Puchong Jaya
283,299.0,RYB0613,90044088.0,BDR SERI KEMBANGAN,AZAMEGA ENTERPRISE,CENTRAL 3,C17,Urban,Residential,"Lot 1833 Seri Kembangan, Mk Petaling, Serdang, Selangor",43300.0,Petaling,Selangor,RYB0613,3.016397,101.70296,Central,90044088,17291.5,3409.5,20701.0,Serdang
284,405.0,RYC0304,90047507.0,FELDA KECHAU,KPF NIAGA SDN BHD -  FELDA KECHAU,EAST 2,E05,Rural,Transient,"Felda Kechau 01, Padang Tengku",27100.0,Lipis,Pahang,RYC0304,4.324942,102.017907,Central,90047507,4202.0,4365.0,8567.0,Hulu Bernam
285,415.0,RYC0515,90017657.0,GENTING SEMPAH,STANA-PETROL,EAST 2,E05,Highway,Interstate,"Genting Sempah, Kuala Lumpur-Karak Highway",28700.0,Bentong,Pahang,RYC0515,3.35208,101.79099,Central,90017657,7209.0,2654.5,9863.5,Setapak
286,642.0,RYA0100,90037135.0,TANJUNG MALIM,NEKUCHEE RESOURCES,NORTH 2,N09,Sub Urban,Residential,"Pt 8136, Mukim Ulu Bernam Timur, Tanjung Malim, Daerah Batang Padang",35900.0,Muallim,Perak,RYA0100,3.694841,101.518221,Central,90037135,12447.5,2733.5,15181.0,Hulu Bernam
